path,size_bytes,size_mib,reason,tokens,title,year
/Volumes/Extreme SSD/Movies/8 Mile/8 Mile.avi,733640704,699.65,tiny<700MiB,,8 Mile,
/Volumes/Extreme SSD/Movies/12 Angry Men (1957)/12 Angry Men (1957) [XviD].avi,733054976,699.10,tiny<700MiB;tokens,XviD,12 Angry Men,1957
/Volumes/Extreme SSD/Movies/12 Monkeys/(DivX) 12 Monkeys - 1of2.avi,732286976,698.36,tiny<700MiB;tokens,DivX,12 Monkeys,
/Volumes/Extreme SSD/Movies/12 Monkeys/(DivX) 12 Monkeys - 2of2.avi,733497344,699.52,tiny<700MiB;tokens,DivX,12 Monkeys,
/Volumes/Extreme SSD/Movies/16 Blocks (2006)/16 Blocks (2006).avi,733405184,699.43,tiny<700MiB,,16 Blocks,2006
/Volumes/Extreme SSD/Movies/25th Hour (2002)/25th Hour (2002).avi,733956096,699.96,tiny<700MiB,,25th Hour,2002
/Volumes/Extreme SSD/Movies/50 First Dates/50 First Dates.avi,733769728,699.78,tiny<700MiB,,50 First Dates,
/Volumes/Extreme SSD/Movies/A Bronx Tale/A Bronx Tale - Robert DeNiro (1993) [ENG DivX].avi,756552752,721.50,tokens,DivX,A Bronx Tale - Robert DeNiro,1993
/Volumes/Extreme SSD/Movies/A Dangerous Method (2011) DvdRip(Eng)-Blackknight/A Dangerous Method (2011) DvdRip(Eng)-Blackknight.avi,973049896,927.97,tokens,DVDRip,A Dangerous Method,2011
/Volumes/Extreme SSD/Movies/A Few Good Men/Tom Cruise - Jack Nicholson - A Few Good Men (Divx).avi,734574592,700.54,tokens,DivX,A Few Good Men,
/Volumes/Extreme SSD/Movies/A History.Of.Violence[2005]DvDrip.AC3[Eng]-aXXo/A.History.Of.Violence[2005]DvDrip.AC3[Eng]-aXXo.avi,734091264,700.08,tokens,DVDRip,A History Of Violence[2005]DvDrip AC3[Eng]-aXXo,
/Volumes/Extreme SSD/Movies/A History.Of.Violence[2005]DvDrip.AC3[Eng]-aXXo/._A.History.Of.Violence[2005]DvDrip.AC3[Eng]-aXXo.avi,4096,0.00,tiny<700MiB;tokens,DVDRip,A History Of Violence[2005]DvDrip AC3[Eng]-aXXo,
/Volumes/Extreme SSD/Movies/A Prophet.2009.DVDRip.XviD-VoMiT/vmt-prophet-xvid-cd1.avi,733558784,699.58,tiny<700MiB;tokens,XviD,A Prophet 2009 DVDRip XviD-VoMiT,
/Volumes/Extreme SSD/Movies/A Prophet.2009.DVDRip.XviD-VoMiT/vmt-prophet-xvid-cd2.avi,734361600,700.34,tokens,XviD,A Prophet 2009 DVDRip XviD-VoMiT,
/Volumes/Extreme SSD/Movies/A Walk To Remember/A Walk To Remember.avi,733530112,699.55,tiny<700MiB,,A Walk To Remember,
/Volumes/Extreme SSD/Movies/Abduction 2011 BRRip 350MB x264 AAC - VYTO/Abduction 2011 BRRip 350MB x264 AAC - VYTO.mkv,362517144,345.72,tiny<700MiB,,Abduction 2011 BRRip 350MB x264 AAC - VYTO,
/Volumes/Extreme SSD/Movies/Adaptation/Adaptation CD1 .2002.DVDRip.avi,734279680,700.26,tokens,DVDRip,Adaptation,
/Volumes/Extreme SSD/Movies/Adaptation/Adaptation CD2 .2002.DVDRip.avi,730740736,696.89,tiny<700MiB;tokens,DVDRip,Adaptation,
/Volumes/Extreme SSD/Movies/Aeon Flux/Aeon.Flux[2005]DvDrip.AC3[Eng]-aXXo.avi,733945856,699.95,tiny<700MiB;tokens,DVDRip,Aeon Flux,
/Volumes/Extreme SSD/Movies/After the Sunset/After.the.Sunset[2004]DvDrip[Eng]-aXXo.avi,735215616,701.16,tokens,DVDRip,After the Sunset,
/Volumes/Extreme SSD/Movies/All the Kings Men/All.the.Kings.Men.DVDRip.XviD.1-DiAMOND.[www.torrentfive.com].avi,731435008,697.55,tiny<700MiB;tokens,XviD|DVDRip,All the Kings Men,
/Volumes/Extreme SSD/Movies/All the Kings Men/All.the.Kings.Men.DVDRip.XviD.2-DiAMOND.[www.torrentfive.com].avi,730716160,696.87,tiny<700MiB;tokens,XviD|DVDRip,All the Kings Men,
/Volumes/Extreme SSD/Movies/America's Sweethearts/Americas.Sweethearts.2001.DVDRip.DivX-ViTE.[wnet.co.il].avi,735027200,700.98,tokens,DivX|TS|DVDRip,America's Sweethearts,
/Volumes/Extreme SSD/Movies/American Beauty (1999)/American Beauty.avi,701714432,669.21,tiny<700MiB,,American Beauty,1999
/Volumes/Extreme SSD/Movies/American Psycho/American Psycho.avi,701927424,669.41,tiny<700MiB,,American Psycho,
/Volumes/Extreme SSD/Movies/Ask the Dust/Ask.the.Dust[2006]DvDrip[Eng]-aXXo.avi,734160896,700.15,tokens,DVDRip,Ask the Dust,
/Volumes/Extreme SSD/Movies/Bad Boys (1995)/BdBys (1995) BRRip 550mb.mkv,577476837,550.72,tiny<700MiB,,Bad Boys,1995
/Volumes/Extreme SSD/Movies/Bad Lieutenant/Bad_Lieutenant [NC-17] (xvid110-sickboy88).avi,733757440,699.77,tiny<700MiB;tokens,XviD,Bad Lieutenant,
/Volumes/Extreme SSD/Movies/Basic Instinct/Basic.Instinct.1992.DVDRip.XviD-MaX.[www.descargasweb.net].avi,649526784,619.44,tiny<700MiB;tokens,XviD|DVDRip,Basic Instinct,
/Volumes/Extreme SSD/Movies/Before Sunrise (1995)/Before Sunrise.1995.DVDRip.x264.480p.YIFY.mkv,421958766,402.41,tiny<700MiB;tokens,DVDRip|480p,Before Sunrise,1995
/Volumes/Extreme SSD/Movies/Belle.2013.BRRip.XViD.AC3-juggs[ETRG]/Belle.2013.BRRip.XViD.AC3-juggs[ETRG].avi,1471581822,1403.41,tokens,XviD,Belle 2013 BRRip XViD AC3-juggs[ETRG],
/Volumes/Extreme SSD/Movies/Belle.2013.BRRip.XViD.AC3-juggs[ETRG]/sample.avi,26185728,24.97,tiny<700MiB,,Belle 2013 BRRip XViD AC3-juggs[ETRG],
/Volumes/Extreme SSD/Movies/Big/Big [Eng][DivX][1988].avi,734828544,700.79,tokens,DivX,Big,
/Volumes/Extreme SSD/Movies/Casablanca (1942)/Casablanca.1942.720.x264.YIFY.mkv,631209143,601.97,tiny<700MiB,,Casablanca,1942
/Volumes/Extreme SSD/Movies/Cell.211.2009.BDRip.XviD-NODLABS/cell.211.2009.bdrip.xvid-nodlabs.avi,733853696,699.86,tiny<700MiB;tokens,XviD,Cell 211 2009 BDRip XviD-NODLABS,
/Volumes/Extreme SSD/Movies/Cheap.Thrills.2013.SweSub.BRRip.x264-SWAXXON/Cheap.Thrills.2013.SweSub.BRRip.x264-SWAXXON.mp4,285365065,272.15,tiny<700MiB,,Cheap Thrills 2013 SweSub BRRip x264-SWAXXON,
/Volumes/Extreme SSD/Movies/Children of Heaven/Children.Of.Heaven.1997.LIMITED.DVDRip.XViD-DDX.avi,734404608,700.38,tokens,XviD|DVDRip,Children of Heaven,
/Volumes/Extreme SSD/Movies/Chinatown (1974)/Chinatown 1974 DVDRip Xvid CT.avi,734337024,700.32,tokens,XviD|DVDRip,Chinatown,1974
/Volumes/Extreme SSD/Movies/Choke [2008]/Choke[2008]DvDrip[Eng]-FXG.avi,733849656,699.85,tiny<700MiB;tokens,DVDRip,Choke [2008],
/Volumes/Extreme SSD/Movies/Chronicle.2012.DVDRip.XviD-SPARKS/sparks-chronicle-xvid.avi,733898752,699.90,tiny<700MiB;tokens,XviD,Chronicle 2012 DVDRip XviD-SPARKS,
/Volumes/Extreme SSD/Movies/Cinderella Man/Cinderella Man (2005) [ENG] [DVDrip] CD1.avi,733497344,699.52,tiny<700MiB;tokens,DVDRip,Cinderella Man,2005
/Volumes/Extreme SSD/Movies/Cinderella Man/Cinderella Man (2005) [ENG] [DVDrip] CD2.avi,734660608,700.63,tokens,DVDRip,Cinderella Man,2005
/Volumes/Extreme SSD/Movies/City of God (Cidade de Deus) (2002)/City.Of.God.CD1.2003.DVDRiP.XViD.AC3-HLS.avi,735025152,700.97,tokens,XviD|DVDRip,City of God (Cidade de Deus),2002
/Volumes/Extreme SSD/Movies/City of God (Cidade de Deus) (2002)/City.Of.God.CD2.2003.DVDRiP.XViD.AC3-HLS.avi,733597696,699.61,tiny<700MiB;tokens,XviD|DVDRip,City of God (Cidade de Deus),2002
/Volumes/Extreme SSD/Movies/Click/Click[2006]DvDrip[Eng]-aXXo.avi,735815680,701.73,tokens,DVDRip,Click,
/Volumes/Extreme SSD/Movies/Closer (2004)/Closer (2004).avi,733954048,699.95,tiny<700MiB,,Closer,2004
/Volumes/Extreme SSD/Movies/Cloverfield/Cloverfield[2008]DvDrip.AC3[Eng]-aXXo.avi,733655040,699.67,tiny<700MiB;tokens,DVDRip,Cloverfield,
/Volumes/Extreme SSD/Movies/Cold in July 2014 480p HDRIP XVID AC3 ACAB/Cold in July 2014 480p HDRIP XVID AC3 ACAB.avi,1755897768,1674.55,tokens,XviD|480p,Cold in July 2014 480p HDRIP XVID AC3 ACAB,
/Volumes/Extreme SSD/Movies/Con Air/Con Air.AVI,702042112,669.52,tiny<700MiB,,Con Air,
/Volumes/Extreme SSD/Movies/Con Air/._Con Air.AVI,4096,0.00,tiny<700MiB,,Con Air,
/Volumes/Extreme SSD/Movies/Confessions of a Dangerous Mind/Confessions of a Dangerous Mind.avi,727707648,694.00,tiny<700MiB,,Confessions of a Dangerous Mind,
/Volumes/Extreme SSD/Movies/Constantine/Constantine [ENG] [DVDRip].avi,854434304,814.85,tokens,DVDRip,Constantine,
/Volumes/Extreme SSD/Movies/Contagion.2011.DVDRip.XviD-AMIABLE/contagion.2011.dvdrip.xvid-amiable.avi,733972480,699.97,tiny<700MiB;tokens,XviD|DVDRip,Contagion 2011 DVDRip XviD-AMIABLE,
/Volumes/Extreme SSD/Movies/Conviction[2010]BRRip XviD-ExtraTorrentRG/Conviction[2010]BRRip XviD-ExtraTorrentRG.avi,733827072,699.83,tiny<700MiB;tokens,XviD,Conviction[2010]BRRip XviD-ExtraTorrentRG,
/Volumes/Extreme SSD/Movies/Crank/Crank[2006]DvDrip[Eng]-aXXo.avi,732696576,698.75,tiny<700MiB;tokens,DVDRip,Crank,
/Volumes/Extreme SSD/Movies/Crazy Heart[2009]DvDrip[Eng]-FXG/Crazy Heart[2009]DvDrip[Eng]-FXG.avi,733163520,699.20,tiny<700MiB;tokens,DVDRip,Crazy Heart[2009]DvDrip[Eng]-FXG,
/Volumes/Extreme SSD/Movies/Dante's Peak/Dante's.Peak.1997.XviD.Beefstew.RG.avi,1495683072,1426.39,tokens,XviD,Dante's Peak,
/Volumes/Extreme SSD/Movies/Deep Impact/DeepImpact_Xvid_AC3_NTSC.avi,1468416000,1400.39,tokens,XviD|TS,Deep Impact,
/Volumes/Extreme SSD/Movies/Der Untergang (Downfall)(2004)/Der Untergang (Downfall) EngSub1.avi,731238400,697.36,tiny<700MiB,,Der Untergang (Downfall),2004
/Volumes/Extreme SSD/Movies/Der Untergang (Downfall)(2004)/Der Untergang (Downfall) EngSub2.avi,729456640,695.66,tiny<700MiB,,Der Untergang (Downfall),2004
/Volumes/Extreme SSD/Movies/Derailed/Derailed[2005]Unrated.DvDrip[Eng]-aXXo.avi,733964288,699.96,tiny<700MiB;tokens,DVDRip,Derailed,
/Volumes/Extreme SSD/Movies/Desert.Dancer.2014.1080p.BluRay.H264.AAC-RARBG/RARBG.COM.mp4,4,0.00,tiny<700MiB,,Desert Dancer 2014 H264 AAC-RARBG,
/Volumes/Extreme SSD/Movies/Desperado/Desperado.avi,731209554,697.34,tiny<700MiB,,Desperado,
/Volumes/Extreme SSD/Movies/Dirty.Pretty.Things.2002.DVDRip.H264.AAC.Gopo/Dirty.Pretty.Things.2002.DVDRip.H264.AAC.Gopo.mp4,1722613231,1642.81,tokens,DVDRip,Dirty Pretty Things 2002 DVDRip H264 AAC Gopo,
/Volumes/Extreme SSD/Movies/District 9/District 9 (2009) DVDRip XviD-MAXSPEED www.torentz.3xforum.ro.avi,734056942,700.05,tokens,XviD|DVDRip,District 9,2009
/Volumes/Extreme SSD/Movies/Diva 1981 PAL XviD FRE multi-sub proper audio OST/Diva 1981 XviD French PAL.avi,1482975232,1414.28,tokens,XviD,Diva 1981 PAL XviD FRE multi-sub proper audio OST,
/Volumes/Extreme SSD/Movies/Domino/Domino[2005]DvDrip[Eng]-aXXo.avi,734720000,700.68,tokens,DVDRip,Domino,
/Volumes/Extreme SSD/Movies/Donnie Darko/Donnie Darko.avi,733052928,699.09,tiny<700MiB,,Donnie Darko,
/Volumes/Extreme SSD/Movies/Dr.Strangelove (1964)/Dr.Strangelove.DVDRip.XviD.Parkyns.avi,730834944,696.98,tiny<700MiB;tokens,XviD|DVDRip,Dr.Strangelove,1964
/Volumes/Extreme SSD/Movies/Drive  {2011} DVDRIP. Jaybob/Drive  {2011} DVDRIP. Jaybob.avi,734941184,700.89,tokens,DVDRip,Drive {2011} DVDRIP Jaybob,
/Volumes/Extreme SSD/Movies/E.T. The Extra-Terrestrial/E.T. The Extra-Terrestrial.mp4,733968601,699.97,tiny<700MiB,,E T The Extra-Terrestrial,
/Volumes/Extreme SSD/Movies/Eight Below (2006)/Eight Below [DVDRiP] Eng [2006] -=Flint=- [www.nitcom.com.au].avi,737896448,703.71,tokens,TC|DVDRip,Eight Below,2006
/Volumes/Extreme SSD/Movies/El Mariachi/El Mariachi.1992.avi,732037120,698.12,tiny<700MiB,,El Mariachi,
/Volumes/Extreme SSD/Movies/Elektra/Elektra[2005]DvDrip[Eng]-aXXo.avi,735191040,701.13,tokens,DVDRip,Elektra,
/Volumes/Extreme SSD/Movies/Elizabethtown/Elizabethtown.DVDRip.XviD-DiAMOND.[www.descargasweb.net].avi,734142464,700.13,tokens,XviD|DVDRip,Elizabethtown,
/Volumes/Extreme SSD/Movies/Empire Of The Sun 1987 DVDRiP H264-Deemu/Empire Of The Sun 1987 DVDRiP H264-Deemu.mp4,1254091006,1195.99,tokens,DVDRip,Empire Of The Sun 1987 DVDRiP H264-Deemu,
/Volumes/Extreme SSD/Movies/Endgame/endgame.xvid-lpd.avi,733825024,699.83,tiny<700MiB;tokens,XviD,Endgame,
/Volumes/Extreme SSD/Movies/Erin Brockovich (2000)/Erin.Brockovich.2000.BRRip.YIFY.mkv,629856802,600.68,tiny<700MiB,,Erin Brockovich,2000
/Volumes/Extreme SSD/Movies/Erin Brockovich (2000)/._Erin.Brockovich.2000.BRRip.YIFY.mkv,4096,0.00,tiny<700MiB,,Erin Brockovich,2000
/Volumes/Extreme SSD/Movies/Escape From Alcatraz/Escape From Alcatraz (1979) XviD.DVDRip.PiLFER.avi,735127552,701.07,tokens,XviD|DVDRip,Escape From Alcatraz,1979
/Volumes/Extreme SSD/Movies/Failure To Launch (2006)/Failure.To.Launch[2006]DvDrip.AC3[Eng]-aXXo.avi,733968384,699.97,tiny<700MiB;tokens,DVDRip,Failure To Launch,2006
/Volumes/Extreme SSD/Movies/Fallen (1998)/Fallen.(1998).avi,733976164,699.97,tiny<700MiB,,Fallen,1998
/Volumes/Extreme SSD/Movies/Fast and Furious 5 Fast Five/Fast and Furious 5 Fast Five (2011) DVDRip XviD-MAXSPEED www.torentz.3xforum.ro.avi,1466218216,1398.29,tokens,XviD|DVDRip,Fast and Furious 5 Fast Five,2011
/Volumes/Extreme SSD/Movies/Fatal Attraction (1987)/Fatal.Attraction.1987.XviD.avi,735824896,701.74,tokens,XviD,Fatal Attraction,1987
/Volumes/Extreme SSD/Movies/Fear and Loathing in Las Vegas/[DivX] - Fear_and_Loathing_in_Las Vegas.avi,728008704,694.28,tiny<700MiB;tokens,DivX,Fear and Loathing in Las Vegas,
/Volumes/Extreme SSD/Movies/Ferris Bueller's Day Off/Ferris Bueller's Day Off (Dvd Divx).avi,738506752,704.29,tokens,DivX,Ferris Bueller's Day Off,
/Volumes/Extreme SSD/Movies/Find Me Guilty/Find.Me.Guilty[2006]DvDrip[Eng]-aXXo.avi,734523392,700.50,tokens,DVDRip,Find Me Guilty,
/Volumes/Extreme SSD/Movies/Flightplan[2005]DvDrip[Eng]-aXXo/Flightplan[2005]DvDrip[Eng]-aXXo.avi,735391744,701.32,tokens,DVDRip,Flightplan[2005]DvDrip[Eng]-aXXo,
/Volumes/Extreme SSD/Movies/Following (1998)/Following [1998]-480p-BRrip-x264-StyLishSaLH (StyLish Release).mp4,271956095,259.36,tiny<700MiB;tokens,480p,Following,1998
/Volumes/Extreme SSD/Movies/Fools Rush In/Fools.Rush.In.1997.WS.DVDRip.XviD.AC3-C00LdUdE.avi,1564178432,1491.72,tokens,XviD|DVDRip,Fools Rush In,
/Volumes/Extreme SSD/Movies/For A Few Dollars More/For A Few Dollars More.avi,665327520,634.51,tiny<700MiB,,For A Few Dollars More,
/Volumes/Extreme SSD/Movies/Forrest Gump/Forrest Gump.avi,733734912,699.74,tiny<700MiB,,Forrest Gump,
/Volumes/Extreme SSD/Movies/Fracture[2007]DvDrip[Eng]-FXG/Fracture[2007]DvDrip[Eng]-FXG.avi,734025728,700.02,tokens,DVDRip,Fracture[2007]DvDrip[Eng]-FXG,
/Volumes/Extreme SSD/Movies/Fracture[2007]DvDrip[Eng]-FXG/._Fracture[2007]DvDrip[Eng]-FXG.avi,4096,0.00,tiny<700MiB;tokens,DVDRip,Fracture[2007]DvDrip[Eng]-FXG,
/Volumes/Extreme SSD/Movies/Frequencies.2013.HDRip.XviD.MP3-RARBG/Frequencies.2013.HDRip.XviD.MP3-RARBG.avi,1045498678,997.07,tokens,XviD,Frequencies 2013 HDRip XviD MP3-RARBG,
/Volumes/Extreme SSD/Movies/From Paris with Love (2010) R5 DVDRip XviD-MAXSPEED/From Paris with Love (2010) R5 DVDRip XviD-MAXSPEED.avi,840545714,801.61,tokens,XviD|DVDRip|R5,From Paris with Love,2010
/Volumes/Extreme SSD/Movies/Fun with Dick and Jane/Fun.with.Dick.and.Jane[2005]DvDrip.AC3[Eng]-aXXo.avi,733888512,699.89,tiny<700MiB;tokens,DVDRip,Fun with Dick and Jane,
/Volumes/Extreme SSD/Movies/Ghost/Ghost dvd rip Xvid.Rets.avi,734001152,700.00,tiny<700MiB;tokens,XviD|TS,Ghost,
/Volumes/Extreme SSD/Movies/Girl Interrupted/Girl Interrupted.avi,677030416,645.67,tiny<700MiB,,Girl Interrupted,
/Volumes/Extreme SSD/Movies/Glengarry Glen Ross/Glengarry Glen Ross.avi,679702108,648.21,tiny<700MiB,,Glengarry Glen Ross,
/Volumes/Extreme SSD/Movies/Glory (1989)/Glory_(1989).CD1.avi,733501440,699.52,tiny<700MiB,,Glory,1989
/Volumes/Extreme SSD/Movies/Glory (1989)/Glory_(1989).CD2.avi,732487680,698.55,tiny<700MiB,,Glory,1989
/Volumes/Extreme SSD/Movies/Gran.Torino.2008.DvDRip-FxM/Gran.Torino.2008.DvDRip-FxM.avi,838150144,799.32,tokens,DVDRip,Gran Torino 2008 DvDRip-FxM,
/Volumes/Extreme SSD/Movies/Green Zone (2010) DVDRip XviD-MAXSPEED/Green Zone (2010) DVDRip XviD-MAXSPEED www.torentz.3xforum.ro.avi,1468074130,1400.06,tokens,XviD|DVDRip,Green Zone,2010
/Volumes/Extreme SSD/Movies/Groundhog Day/Groundhog.Day.1993.INTERNAL.DVDRip.XviD-CFH.avi,735922176,701.83,tokens,XviD|DVDRip,Groundhog Day,
/Volumes/Extreme SSD/Movies/Hancock[2008]DvDrip-aXXo/Hancock[2008]DvDrip-aXXo.avi,736167936,702.06,tokens,DVDRip,Hancock[2008]DvDrip-aXXo,
/Volumes/Extreme SSD/Movies/Hard.Candy[2005]DvDrip[Eng]-aXXo/Hard.Candy[2006]DvDrip[Eng]-aXXo.avi,735672320,701.59,tokens,DVDRip,Hard Candy[2005]DvDrip[Eng]-aXXo,
/Volumes/Extreme SSD/Movies/Harold & Kumar Go to White Castle/Harold & Kumar Go to White Castle (2004) [ENG] [DVDrip].avi,733935616,699.94,tiny<700MiB;tokens,DVDRip,Harold & Kumar Go to White Castle,2004
/Volumes/Extreme SSD/Movies/Haywire[2011]BRRip XviD-ETRG/Haywire[2011]BRRip XviD-ETRG.avi,732519932,698.59,tiny<700MiB;tokens,XviD,Haywire[2011]BRRip XviD-ETRG,
/Volumes/Extreme SSD/Movies/Hitch/Hitch [DivX].mpeg,736194560,702.09,tokens,DivX|TC,Hitch,
/Volumes/Extreme SSD/Movies/Holy Smoke/Holy Smoke.avi,679546880,648.07,tiny<700MiB,,Holy Smoke,
/Volumes/Extreme SSD/Movies/Home Alone/DISC01.avi,560232332,534.28,tiny<700MiB,,Home Alone,
/Volumes/Extreme SSD/Movies/Home Alone/._DISC01.avi,4096,0.00,tiny<700MiB,,Home Alone,
/Volumes/Extreme SSD/Movies/Home Alone/DISC02.avi,482806844,460.44,tiny<700MiB,,Home Alone,
/Volumes/Extreme SSD/Movies/Home Alone/._DISC02.avi,4096,0.00,tiny<700MiB,,Home Alone,
/Volumes/Extreme SSD/Movies/Home Alone 2/Home.Alone.2.DVDRip.DivX.MM4.cDiAMOND.avi,736963358,702.82,tokens,DivX|DVDRip,Home Alone 2,
/Volumes/Extreme SSD/Movies/Hostage/MOVIES - HOSTAGE - Bruce Willis - NEW 6-21-05 (DivX DvdRip By NightSongz).avi,734282182,700.27,tokens,DivX|TS|DVDRip,Hostage,
/Volumes/Extreme SSD/Movies/Hostel/Hostel[Unrated][2005]DvDrip.AC3[Eng]-aXXo.avi,733788160,699.79,tiny<700MiB;tokens,DVDRip,Hostel,
/Volumes/Extreme SSD/Movies/Hot Fuzz/Hot.Fuzz[2007]DvDrip[Eng]-aXXo.avi,735367168,701.30,tokens,DVDRip,Hot Fuzz,
/Volumes/Extreme SSD/Movies/How To Lose A Guy in 10 Days/How to lose a Guy in 10 Days (2003) [english] XviD.avi,734115840,700.11,tokens,XviD,How to lose a Guy in 10 Days,2003
/Volumes/Extreme SSD/Movies/Hugo {2011} DVDRIP. Jaybob/Hugo {2011} DVDRIP. Jaybob.avi,733261462,699.29,tiny<700MiB;tokens,DVDRip,Hugo {2011} DVDRIP Jaybob,
/Volumes/Extreme SSD/Movies/Inception[2010]DvDrip[Eng]-FXG/Inception[2010]DvDrip[Eng]-FXG.avi,995921920,949.79,tokens,DVDRip,Inception[2010]DvDrip[Eng]-FXG,
/Volumes/Extreme SSD/Movies/Independence Day/Independence Day special edition dvd rip xvid.Rets.avi,952373760,908.25,tokens,XviD|TS,Independence Day,
/Volumes/Extreme SSD/Movies/Inglourious Basterds/Inglourious Basterds[2009]DvDrip[Eng]-FXG.avi,995368960,949.26,tokens,DVDRip,Inglourious Basterds,
/Volumes/Extreme SSD/Movies/Inside Man/Inside.Man[2006]DvDrip[Eng]-aXXo.avi,734689280,700.65,tokens,DVDRip,Inside Man,
/Volumes/Extreme SSD/Movies/Into The Wild/Into.The.Wild[2007]DvDrip[Eng]-aXXo.avi,839118848,800.25,tokens,DVDRip,Into The Wild,
/Volumes/Extreme SSD/Movies/Jackie Brown/Jackie Brown (Darkside_RG).avi,733894656,699.90,tiny<700MiB,,Jackie Brown,
/Volumes/Extreme SSD/Movies/John.Wick.2014.HDRip.XViD-juggs[ETRG]/John.Wick.2014.HDRip.XViD-juggs[ETRG].avi,731792378,697.89,tiny<700MiB;tokens,XviD,John Wick 2014 HDRip XViD-juggs[ETRG],
/Volumes/Extreme SSD/Movies/Just My Luck/Just.My.Luck.DVDRip.XviD-DiAMOND.avi,733657088,699.67,tiny<700MiB;tokens,XviD|DVDRip,Just My Luck,
/Volumes/Extreme SSD/Movies/Killer.Joe.2011.LiMiTED.BRRip.XviD-ViP3R/Killer.Joe.2011.LiMiTED.BRRip.XviD-ViP3R.avi,734263296,700.25,tokens,XviD,Killer Joe 2011 LiMiTED BRRip XviD-ViP3R,
/Volumes/Extreme SSD/Movies/Kingdom of Heaven/Kingdom of Heaven (2005) [ENG] [DVDrip] CD1.avi,733757440,699.77,tiny<700MiB;tokens,DVDRip,Kingdom of Heaven,2005
/Volumes/Extreme SSD/Movies/Kingdom of Heaven/Kingdom of Heaven (2005) [ENG] [DVDrip] CD2.avi,734353408,700.33,tokens,DVDRip,Kingdom of Heaven,2005
/Volumes/Extreme SSD/Movies/Kiss Kiss Bang Bang/Kiss.Kiss-Bang.Bang[2005]DvDrip[Eng]-aXXo.avi,735440896,701.37,tokens,DVDRip,Kiss Kiss Bang Bang,
/Volumes/Extreme SSD/Movies/Korengal 2014 DOCU BRRip XviD AC3-playXD/Korengal 2014 DOCU BRRip XviD AC3-playXD.avi,1514301130,1444.15,tokens,XviD,Korengal 2014 DOCU BRRip XviD AC3-playXD,
/Volumes/Extreme SSD/Movies/Lady In The Water/Lady.In.The.Water[2006]DvDrip[Eng]-aXXo.avi,840697856,801.75,tokens,DVDRip,Lady In The Water,
/Volumes/Extreme SSD/Movies/Lawless.2012.DvDRip.XviD-SWAXXON/Lawless.2012.DvDRip.XviD-SWAXXON.avi,1007524662,960.85,tokens,XviD|DVDRip,Lawless 2012 DvDRip XviD-SWAXXON,
/Volumes/Extreme SSD/Movies/Les.Misérables (2012)/Les.Misérables.2012.DVDRip.DownSpaces.mkv,701077816,668.60,tiny<700MiB;tokens,DVDRip,Les.Misérables,2012
/Volumes/Extreme SSD/Movies/Let Me In[2010]DvDrip[Eng]-FXG/Let Me In[2010]DvDrip[Eng]-FXG.avi,737847296,703.67,tokens,DVDRip,Let Me In[2010]DvDrip[Eng]-FXG,
/Volumes/Extreme SSD/Movies/Liar Liar/Liar Liar [Eng] [DVDRip].avi,723816448,690.29,tiny<700MiB;tokens,DVDRip,Liar Liar,
/Volumes/Extreme SSD/Movies/Life is Beautiful/La Vita è Bella (Life is beautiful).avi,723931136,690.39,tiny<700MiB,,Life is Beautiful,
/Volumes/Extreme SSD/Movies/Life.of.Crime.2013.HDRip.XViD.AC3-juggs[ETRG]/Life.of.Crime.2013.HDRip.XViD.AC3-juggs[ETRG].avi,1471496724,1403.33,tokens,XviD,Life of Crime 2013 HDRip XViD AC3-juggs[ETRG],
/Volumes/Extreme SSD/Movies/Lion.of.the.Desert/Lion.of.the.Desert.DivX.[English].by.almared6.avi,734437376,700.41,tokens,DivX,Lion of the Desert,
/Volumes/Extreme SSD/Movies/Little_Man_Tate_1991/Little_Man_Tate_1991.avi,728399872,694.66,tiny<700MiB,,Little Man Tate 1991,
"/Volumes/Extreme SSD/Movies/Lock, Stock and Two Smoking Barrels/Lock,.Stock.And.Two.Smoking.Barrels.avi",731803648,697.90,tiny<700MiB,,"Lock, Stock and Two Smoking Barrels",
/Volumes/Extreme SSD/Movies/Looper.2012.DVDRip.XviD-PTpOWeR/Looper.2012.DVDRip.XviD-PTpOWeR.avi,746907464,712.31,tokens,XviD|DVDRip,Looper 2012 DVDRip XviD-PTpOWeR,
/Volumes/Extreme SSD/Movies/Lucky Number Slevin/Lucky.Number.Slevin.DVDSCR.XviD-NeDiVx.[www.descargasweb.net].avi,731002880,697.14,tiny<700MiB;tokens,DivX|XviD|DVDScr,Lucky Number Slevin,
/Volumes/Extreme SSD/Movies/Machete[2010]DvDrip[Eng]-FXG/Machete[2010]DvDrip[Eng]-FXG.avi,734074880,700.07,tokens,DVDRip,Machete[2010]DvDrip[Eng]-FXG,
/Volumes/Extreme SSD/Movies/Machete[2010]DvDrip[Eng]-FXG/._Machete[2010]DvDrip[Eng]-FXG.avi,4096,0.00,tiny<700MiB;tokens,DVDRip,Machete[2010]DvDrip[Eng]-FXG,
/Volumes/Extreme SSD/Movies/Magnolia/Magnolia.avi,717678592,684.43,tiny<700MiB,,Magnolia,
/Volumes/Extreme SSD/Movies/Margin Call[2011]BRRip XviD-ExtraTorrentRG/Margin Call[2011]BRRip XviD-ExtraTorrentRG.avi,732014340,698.10,tiny<700MiB;tokens,XviD,Margin Call[2011]BRRip XviD-ExtraTorrentRG,
/Volumes/Extreme SSD/Movies/Martha Marcy May Marlene 2011 LIMITED BDRip XviD/c-marth.marcy.may.marlene.xvid.avi,734115840,700.11,tokens,XviD,Martha Marcy May Marlene 2011 LIMITED BDRip XviD,
/Volumes/Extreme SSD/Movies/Match Point/Match Point (2005).mpeg,734509056,700.48,tokens,TC,Match Point,2005
/Volumes/Extreme SSD/Movies/Matchstick Men/Matchstick Men PAL DVDRip.avi,819721728,781.75,tokens,TC|DVDRip,Matchstick Men,
/Volumes/Extreme SSD/Movies/Maverick (1994)/Maverick 1994 sample.m4v,7583377,7.23,tiny<700MiB,,Maverick,1994
/Volumes/Extreme SSD/Movies/Memento/Memento.avi,725217280,691.62,tiny<700MiB,,Memento,
/Volumes/Extreme SSD/Movies/Miami Vice/Miami.Vice[2006]DvDrip[Eng]-aXXo.avi,838668288,799.82,tokens,DVDRip,Miami Vice,
/Volumes/Extreme SSD/Movies/Minority Report/Minority Report [Eng] [DVDrip].avi,688084992,656.21,tiny<700MiB;tokens,DVDRip,Minority Report,
/Volumes/Extreme SSD/Movies/Miss Congeniality/Miss.Congeniality.2000.DVDrip.ws.DivX.DOMiNiON.avi,732884992,698.93,tiny<700MiB;tokens,DivX|DVDRip,Miss Congeniality,
/Volumes/Extreme SSD/Movies/Miss Congeniality 2  - Armed & Fabulous/Miss.Congeniality.2.Armed.And.Fabulous.XviD-DiAMOND.ShareVirus.avi,704634880,671.99,tiny<700MiB;tokens,XviD,Miss Congeniality 2 - Armed & Fabulous,
/Volumes/Extreme SSD/Movies/Monster's Ball/MONSTER'S.BALL.DVDRIP.D7S.avi,735614976,701.54,tokens,DVDRip,Monster's Ball,
/Volumes/Extreme SSD/Movies/Monsters[2010]DvDrip[Eng]-FXG/Monsters[2010]DvDrip[Eng]-FXG.avi,733947904,699.95,tiny<700MiB;tokens,DVDRip,Monsters[2010]DvDrip[Eng]-FXG,
/Volumes/Extreme SSD/Movies/Mr. Brooks (2007)/Mr. Brooks (2007) BRRIP 450MB - ThePecko [EpicMoviez.Com].mkv,473422423,451.49,tiny<700MiB,,Mr. Brooks,2007
/Volumes/Extreme SSD/Movies/Mr. Deeds/Mr.Deeds.2002.FS.DVDRip.DivX-RFtA.avi,734728192,700.69,tokens,DivX|DVDRip,Mr Deeds,
/Volumes/Extreme SSD/Movies/Munich[2005]DvDrip[Eng]-aXXo/Munich[2005]DvDrip[Eng]-aXXo.avi,942888960,899.21,tokens,DVDRip,Munich[2005]DvDrip[Eng]-aXXo,
/Volumes/Extreme SSD/Movies/My Best Friend's Wedding (1997)/My Best Friend's Wedding.DVDRIP.DivX5-BraveDOG.avi,734836736,700.79,tokens,DivX|DVDRip,My Best Friend's Wedding,1997
/Volumes/Extreme SSD/Movies/My Blueberry Nights/my.blueberry.nights.2007.limited.dvdrip.xvid-espise.avi,730847232,696.99,tiny<700MiB;tokens,XviD|TS|DVDRip,My Blueberry Nights,
/Volumes/Extreme SSD/Movies/Mystic River (2003)/Mystic_River.avi,733685760,699.70,tiny<700MiB,,Mystic River,2003
/Volumes/Extreme SSD/Movies/National Treasure/NATIONAL TREASURE (ENG) DVD QUALITY Divx rip SHARE!!!.avi,682448896,650.83,tiny<700MiB;tokens,DivX,National Treasure,
/Volumes/Extreme SSD/Movies/Nine Miles Down/Nine Miles Down {2009} DVDRIP. Jaybob.avi,826934002,788.63,tokens,DVDRip,Nine Miles Down,
/Volumes/Extreme SSD/Movies/No Man's Land/no.mans.land.avi,719513524,686.18,tiny<700MiB,,No Man's Land,
/Volumes/Extreme SSD/Movies/No.Country.For.Old.Men[2007]DvDrip-aXXo/No.Country.For.Old.Men[2007]DvDrip-aXXo.avi,736460800,702.34,tokens,DVDRip,No Country For Old Men[2007]DvDrip-aXXo,
/Volumes/Extreme SSD/Movies/Notting Hill/Notting Hill.mpeg,732852224,698.90,tiny<700MiB,,Notting Hill,
/Volumes/Extreme SSD/Movies/Nowhere Boy[2009]DvDrip[Eng]-FXG/Nowhere Boy[2009]DvDrip[Eng]-FXG.avi,733779968,699.79,tiny<700MiB;tokens,DVDRip,Nowhere Boy[2009]DvDrip[Eng]-FXG,
/Volumes/Extreme SSD/Movies/Oceans Eleven/Oceans 11 Eleven - Proper DVD rip [XviD].avi,949043200,905.08,tokens,XviD,Oceans Eleven,
/Volumes/Extreme SSD/Movies/Oldboy/Oldboy.2003.PROPER.DVDRip.XviD-PLuS.avi,734449664,700.43,tokens,XviD|DVDRip,Oldboy,
/Volumes/Extreme SSD/Movies/One.Eyed.Girl.2015.HDRip.XviD.AC3-EVO/One.Eyed.Girl.2015.HDRip.XviD.AC3-EVO.avi,1484272706,1415.51,tokens,XviD,One Eyed Girl 2015 HDRip XviD AC3-EVO,
/Volumes/Extreme SSD/Movies/Outsourced/Outsourced.2006.avi,734347264,700.33,tokens,TS,Outsourced,
/Volumes/Extreme SSD/Movies/Pan's.Labyrinth[2006]DvDrip[Eng.Sub]-aXXo/Pan's.Labyrinth[2006]DvDrip[Eng.Sub]-aXXo.avi,735287296,701.22,tokens,DVDRip,Pan's Labyrinth[2006]DvDrip[Eng Sub]-aXXo,
/Volumes/Extreme SSD/Movies/Paths Of Glory (1957)/Paths.Of.Glory.1957.DVDRip.avi,734160896,700.15,tokens,DVDRip,Paths Of Glory,1957
/Volumes/Extreme SSD/Movies/Pirates of Silicon Valley/The.Pirates.of.Silicon.Valley.1999.DVDRip.XviD-FiNaLe.avi,728512512,694.76,tiny<700MiB;tokens,XviD|DVDRip,Pirates of Silicon Valley,
/Volumes/Extreme SSD/Movies/Play It Again Sam(1972)/Play It Again Sam (Woody Allen 1972) XviD DVDRip.avi,740096760,705.81,tokens,XviD|DVDRip,Play It Again Sam,1972
/Volumes/Extreme SSD/Movies/Point.Break/Point.Break.1991.Kathryn.Bigelow.DVDRip.XviD.MP3.avi,1056278528,1007.35,tokens,XviD|DVDRip,Point Break,
/Volumes/Extreme SSD/Movies/Population 436/Population.436[2006]DvDrip[Eng]-aXXo.avi,735000576,700.95,tokens,DVDRip,Population 436,
/Volumes/Extreme SSD/Movies/Precious Based on the Novel Push by Sapphire/Precious Based on the Novel Push by Sapphire[2009]DvDrip[Eng]-FXG.avi,728778402,695.02,tiny<700MiB;tokens,DVDRip,Precious Based on the Novel Push by Sapphire,
/Volumes/Extreme SSD/Movies/Predator[1987]DvDrip[Eng]-FXG/Predator[1987]DvDrip[Eng]-FXG.avi,733286400,699.32,tiny<700MiB;tokens,DVDRip,Predator[1987]DvDrip[Eng]-FXG,
/Volumes/Extreme SSD/Movies/Pretty Woman/Pretty Woman DVDRip KVCD.avi,805383600,768.07,tokens,DVDRip,Pretty Woman,
/Volumes/Extreme SSD/Movies/Prime/Prime [DVDRip] Eng [2005] -=Flint=-.avi,732063744,698.15,tiny<700MiB;tokens,DVDRip,Prime,
/Volumes/Extreme SSD/Movies/Punisher-War.Zone[2008]DvDrip-aXXo/Punisher-War.Zone[2008]DvDrip-aXXo .avi,735160320,701.10,tokens,DVDRip,Punisher-War Zone[2008]DvDrip-aXXo,
/Volumes/Extreme SSD/Movies/Rain Man (1988)/Rain.Man.Br.YIFY.mkv,651759996,621.57,tiny<700MiB,,Rain Man,1988
/Volumes/Extreme SSD/Movies/Rampart[2011]BRRip XviD-ETRG/Rampart[2011]BRRip XviD-ETRG.avi,733315084,699.34,tiny<700MiB;tokens,XviD,Rampart[2011]BRRip XviD-ETRG,
/Volumes/Extreme SSD/Movies/Red[2010]DvDrip[Eng]-FXG/Red[2010]DvDrip[Eng]-FXG.avi,734117888,700.11,tokens,DVDRip,Red[2010]DvDrip[Eng]-FXG,
/Volumes/Extreme SSD/Movies/Rescue.Dawn[2007]DvDrip[Eng]-aXXo/Rescue.Dawn[2007]DvDrip[Eng]-aXXo.avi,735539200,701.46,tokens,DVDRip,Rescue Dawn[2007]DvDrip[Eng]-aXXo,
/Volumes/Extreme SSD/Movies/Reservoir Dogs/Reservoir Dogs [Eng][DVDrip].avi,845575252,806.40,tokens,DVDRip,Reservoir Dogs,
/Volumes/Extreme SSD/Movies/Revolver/Revolver.DVDSCR.XViD-LEGACY.(PeerWeb.org).avi,727488512,693.79,tiny<700MiB;tokens,XviD|DVDScr,Revolver,
/Volumes/Extreme SSD/Movies/Running Scared (2006)/Running.Scared[2006]DvDrip[Eng]-aXXo.avi,734199808,700.19,tokens,DVDRip,Running Scared,2006
/Volumes/Extreme SSD/Movies/Safe[2012]BRRip XviD-ETRG/Safe[2012]BRRip XviD-ETRG.avi,732520570,698.59,tiny<700MiB;tokens,XviD,Safe[2012]BRRip XviD-ETRG,
/Volumes/Extreme SSD/Movies/Sahara/Sahara[2005]DvDrip[Eng]-aXXo.avi,735846400,701.76,tokens,DVDRip,Sahara,
/Volumes/Extreme SSD/Movies/Salt/Salt[2010]DVDrip-Crisp.avi,733591272,699.61,tiny<700MiB;tokens,DVDRip,Salt,
/Volumes/Extreme SSD/Movies/Scary Movie/Scary Movie.avi,704356352,671.73,tiny<700MiB,,Scary Movie,
/Volumes/Extreme SSD/Movies/Scoop/Scoop[2006]DvDrip[Eng]-aXXo.avi,735264768,701.20,tokens,DVDRip,Scoop,
/Volumes/Extreme SSD/Movies/Seven/Seven.mpg,571121664,544.66,tiny<700MiB,,Seven,
/Volumes/Extreme SSD/Movies/Seven Pounds [2008]/Seven.Pounds[2008]DvDrip-aXXo.avi,735500288,701.43,tokens,DVDRip,Seven Pounds [2008],
/Volumes/Extreme SSD/Movies/Shallow Grave/Shallow Grave.avi,731975680,698.07,tiny<700MiB,,Shallow Grave,
/Volumes/Extreme SSD/Movies/Shoot 'Em Up/Shoot 'Em Up[2007]DvDrip AC3[5.1 Ch][Eng]-FXG.avi,736560504,702.44,tokens,DVDRip,Shoot 'Em Up,
/Volumes/Extreme SSD/Movies/Shutter (2004)/Shutter.mpeg,733988864,699.99,tiny<700MiB,,Shutter,2004
/Volumes/Extreme SSD/Movies/Shutter Island[2010]DvDrip[Eng]-FXG/Shutter Island[2010]DvDrip[Eng]-FXG.avi,943826944,900.10,tokens,DVDRip,Shutter Island[2010]DvDrip[Eng]-FXG,
/Volumes/Extreme SSD/Movies/Side Effects/Side.Effects.2005.LiMiTED.DVDRip.XviD-PROMiSE.[www.descargasweb.net].avi,734372066,700.35,tokens,XviD|TS|DVDRip,Side Effects,
/Volumes/Extreme SSD/Movies/Sin City/sincity-cd1.avi,733542400,699.56,tiny<700MiB,,Sin City,
/Volumes/Extreme SSD/Movies/Sin City/sincity-cd2.avi,732803072,698.86,tiny<700MiB,,Sin City,
/Volumes/Extreme SSD/Movies/Sleepers (1996) DVDRip/Sleepers.avi,702621696,670.07,tiny<700MiB,,Sleepers,1996
/Volumes/Extreme SSD/Movies/Sleepless in Seattle/Sleepless in Seattle (1993) [ENG] [DVDrip] CD1.avi,733847552,699.85,tiny<700MiB;tokens,DVDRip,Sleepless in Seattle,1993
/Volumes/Extreme SSD/Movies/Sleepless in Seattle/Sleepless in Seattle (1993) [ENG] [DVDrip] CD2.avi,734625792,700.59,tokens,DVDRip,Sleepless in Seattle,1993
/Volumes/Extreme SSD/Movies/Sliding Doors/Sliding Doors(Xvid)(Darkside_RG).avi,1468993536,1400.94,tokens,XviD,Sliding Doors,
/Volumes/Extreme SSD/Movies/Sliver/Sliver.1993.UNRATED.DVDRip.XviD-PROMiSE.avi,731161280,697.29,tiny<700MiB;tokens,XviD|DVDRip,Sliver,
/Volumes/Extreme SSD/Movies/Slumdog Millionaire/Slumdog.Millionaire.DVDSCR.XviD-NoGrp.avi,732831744,698.88,tiny<700MiB;tokens,XviD|DVDScr,Slumdog Millionaire,
/Volumes/Extreme SSD/Movies/Snatch/Snatch [DivX].avi,726102016,692.46,tiny<700MiB;tokens,DivX|TC,Snatch,
/Volumes/Extreme SSD/Movies/Solaris/Solaris (2002).avi,711997440,679.01,tiny<700MiB,,Solaris,2002
/Volumes/Extreme SSD/Movies/Sound.Of.My.Voice.2011.LIMITED.BDRip.XviD-ALLiANCE/alli-somv2012-xvid.avi,734998528,700.95,tokens,XviD,Sound Of My Voice 2011 LIMITED BDRip XviD-ALLiANCE,
/Volumes/Extreme SSD/Movies/Source Code (2011) DVDRip XviD-MAXSPEED/Source Code (2011) DVDRip XviD-MAXSPEED www.torentz.3xforum.ro.avi,1462533036,1394.78,tokens,XviD|DVDRip,Source Code,2011
/Volumes/Extreme SSD/Movies/Splice[2009]DvDrip[Eng]-FXG/Splice[2009]DvDrip[Eng]-FXG.avi,733667328,699.68,tiny<700MiB;tokens,DVDRip,Splice[2009]DvDrip[Eng]-FXG,
/Volumes/Extreme SSD/Movies/Stone[2010]LIMITED BRRip XviD-ExtraTorrentRG/Stone[2010]LIMITED BRRip XviD-ExtraTorrentRG.avi,736991544,702.85,tokens,XviD,Stone[2010]LIMITED BRRip XviD-ExtraTorrentRG,
/Volumes/Extreme SSD/Movies/Stop-Loss[2008]DvDrip-aXXo/Stop-Loss[2008]DvDrip-aXXo.avi,734844928,700.80,tokens,DVDRip,Stop-Loss[2008]DvDrip-aXXo,
/Volumes/Extreme SSD/Movies/Super 8 {2011} DVDRIP. Jaybob/Super 8 {2011} DVDRIP. Jaybob.avi,734503500,700.48,tokens,DVDRip,Super 8 {2011} DVDRIP Jaybob,
/Volumes/Extreme SSD/Movies/Thank You For Smoking/Thank.You.For.Smoking[2005]DvDrip.AC3[Eng]-aXXo.avi,733949952,699.95,tiny<700MiB;tokens,DVDRip,Thank You For Smoking,
/Volumes/Extreme SSD/Movies/Thank You For Smoking/._Thank.You.For.Smoking[2005]DvDrip.AC3[Eng]-aXXo.avi,4096,0.00,tiny<700MiB;tokens,DVDRip,Thank You For Smoking,
/Volumes/Extreme SSD/Movies/The American[2010]DvDrip[Eng]-FXG/The American[2010]DvDrip[Eng]-FXG.avi,734486528,700.46,tokens,DVDRip,The American[2010]DvDrip[Eng]-FXG,
/Volumes/Extreme SSD/Movies/The Art Of War/The Art Of War [DivX].avi,720588800,687.21,tiny<700MiB;tokens,DivX,The Art Of War,
/Volumes/Extreme SSD/Movies/The Beatles -  A Hard Days Night (1964)/Beatles.Hard.Days.Night.(sinfamous).XviD.avi,681740288,650.16,tiny<700MiB;tokens,XviD,The Beatles -  A Hard Days Night,1964
/Volumes/Extreme SSD/Movies/The Boondock Saints (1999)/The Boondocks Saints.avi,729968640,696.15,tiny<700MiB;tokens,TS,The Boondock Saints,1999
/Volumes/Extreme SSD/Movies/The Butterfly Effect 2/the butterfly effect 2 2006 dvdrip.avi,734990336,700.94,tokens,DVDRip,The Butterfly Effect 2,
"/Volumes/Extreme SSD/Movies/The Chronicles Of Narnia - The Lion, The Witch And The Wardrobe/The.Chronicles.Of.Narnia-The.Lion.the.Witch.and.the.Wardrobe[2005]DvDrip[Eng]CD1-aXXo.avi",735039488,700.99,tokens,TC|DVDRip,"The Chronicles Of Narnia - The Lion, The Witch And The Wardrobe",
"/Volumes/Extreme SSD/Movies/The Chronicles Of Narnia - The Lion, The Witch And The Wardrobe/The.Chronicles.Of.Narnia-The.Lion.the.Witch.and.the.Wardrobe[2005]DvDrip[Eng]CD2-aXXo.avi",652951552,622.70,tiny<700MiB;tokens,TC|DVDRip,"The Chronicles Of Narnia - The Lion, The Witch And The Wardrobe",
/Volumes/Extreme SSD/Movies/The Curious Case of Benjamin Button[2008]DvDrip[Eng]-FXG/The Curious Case of Benjamin Button[2008]DvDrip[Eng]-FXG.avi,1006792704,960.15,tokens,DVDRip,The Curious Case of Benjamin Button[2008]DvDrip[Eng]-FXG,
/Volumes/Extreme SSD/Movies/The Da Vinci code/The.Da.Vinci.Code[2006]DvDrip[Eng]-aXXo.avi,840271872,801.35,tokens,DVDRip,The Da Vinci code,
/Volumes/Extreme SSD/Movies/The Darjeeling Limited[2007]DvDrip[Eng]-FXG/The Darjeeling Limited[2007]DvDrip[Eng]-FXG.avi,733741056,699.75,tiny<700MiB;tokens,DVDRip,The Darjeeling Limited[2007]DvDrip[Eng]-FXG,
/Volumes/Extreme SSD/Movies/The Day the Earth Stood Still [2008]/The.Day.The.Earth.Stood.Still[2008]DvDrip-aXXo.avi,735490048,701.42,tokens,DVDRip,The Day the Earth Stood Still [2008],
/Volumes/Extreme SSD/Movies/The Departed/The.Departed[2006]DvDrip[Eng]-aXXo.avi,840572928,801.63,tokens,DVDRip,The Departed,
/Volumes/Extreme SSD/Movies/The Descendants {2011} DVDRIP. Jaybob/The Descendants {2011} DVDRIP. Jaybob.avi,732805120,698.86,tiny<700MiB;tokens,TS|DVDRip,The Descendants {2011} DVDRIP Jaybob,
/Volumes/Extreme SSD/Movies/The Descent/The.Descent[2005]DvDrip.AC3[Eng]-aXXo.avi,733968384,699.97,tiny<700MiB;tokens,DVDRip,The Descent,
/Volumes/Extreme SSD/Movies/The Devil Wears Prada[2006]DvDrip[Eng]-aXXo/The.Devil.Wears.Prada[2006]DvDrip[Eng]-aXXo.avi,734873600,700.83,tokens,DVDRip,The Devil Wears Prada[2006]DvDrip[Eng]-aXXo,
/Volumes/Extreme SSD/Movies/The Disappearance of Alice Creed.2009.DVDRip.XviD/The.Disappearance.of.Alice.Creed.2009.DVDRip.XviD-SDTV.avi,733986816,699.98,tiny<700MiB;tokens,XviD|DVDRip|SDTV,The Disappearance of Alice Creed 2009 DVDRip XviD,
/Volumes/Extreme SSD/Movies/The Edge of Love/The.Edge.Of.Love.2008.DvDRip-FxM.avi,734941184,700.89,tokens,DVDRip,The Edge of Love,
/Volumes/Extreme SSD/Movies/The Elephant Man (1980)/The.Elephant.Man.avi,729118720,695.34,tiny<700MiB,,The Elephant Man,1980
/Volumes/Extreme SSD/Movies/The English Patient/The.English.Patient[Eng]Dvdrip.Dino.avi,838451200,799.61,tokens,DVDRip,The English Patient,
/Volumes/Extreme SSD/Movies/The Expendables[2010]DvDrip[Eng]-FXG/The Expendables[2010]DvDrip[Eng]-FXG.avi,733759488,699.77,tiny<700MiB;tokens,DVDRip,The Expendables[2010]DvDrip[Eng]-FXG,
/Volumes/Extreme SSD/Movies/The Fast and the Furious/The Fast and the Furious.AVI,710539264,677.62,tiny<700MiB,,The Fast and the Furious,
/Volumes/Extreme SSD/Movies/The Fast and the Furious - Tokyo Drift/The.Fast.And.The.Furious-Tokyo.Drift[2006]DvDrip[Eng]-aXXo.avi,735707136,701.62,tokens,DVDRip,The Fast and the Furious - Tokyo Drift,
/Volumes/Extreme SSD/Movies/The Fifith Element/The Fifth Element dvd rip Xvid.Rets.avi,737136640,702.99,tokens,XviD|TS,The Fifith Element,
/Volumes/Extreme SSD/Movies/The Firm/The Firm dvd rip Xvid.Rets.avi,734222336,700.21,tokens,XviD|TS,The Firm,
/Volumes/Extreme SSD/Movies/The Game/THE GAME [1997]DvDRip[Eng]-Extreme.avi,742103040,707.72,tokens,DVDRip,The Game,
/Volumes/Extreme SSD/Movies/The Girl with the.Dragon.Tattoo.2009.LiMiTED.PROPER.DVDRip.XviD-NODLABS/the.girl.with.the.dragon.tattoo.2009.dvdrip.xvid-nodlabs.cd1.avi,732995584,699.04,tiny<700MiB;tokens,XviD|DVDRip,The Girl with the Dragon Tattoo 2009 LiMiTED PROPER DVDRip XviD-NODLABS,
/Volumes/Extreme SSD/Movies/The Girl with the.Dragon.Tattoo.2009.LiMiTED.PROPER.DVDRip.XviD-NODLABS/the.girl.with.the.dragon.tattoo.2009.dvdrip.xvid-nodlabs.cd2.avi,732655616,698.71,tiny<700MiB;tokens,XviD|DVDRip,The Girl with the Dragon Tattoo 2009 LiMiTED PROPER DVDRip XviD-NODLABS,
/Volumes/Extreme SSD/Movies/The Green Mile/Green Mile [Eng][XviD][1999].avi,733960192,699.96,tiny<700MiB;tokens,XviD,The Green Mile,
/Volumes/Extreme SSD/Movies/The Hills Have Eyes (2006)/The.Hills.Have.Eyes[2006][Unrated.Edition]DvDrip[Eng]-aXXo.avi,733753344,699.76,tiny<700MiB;tokens,DVDRip,The Hills Have Eyes,2006
/Volumes/Extreme SSD/Movies/The Hole/The.Hole[2001]DvDrip[Eng]-aXXo.avi,735438848,701.37,tokens,DVDRip,The Hole,
/Volumes/Extreme SSD/Movies/The Hunger Games 2012 BRRip 450MB x264 AAC - VYTO [P2PDL]/The Hunger Games 2012 BRRip 450MB x264 AAC - VYTO [P2PDL].mkv,473560784,451.62,tiny<700MiB,,The Hunger Games 2012 BRRip 450MB x264 AAC - VYTO [P2PDL],
/Volumes/Extreme SSD/Movies/The Hurt Locker/The Hurt Locker DVD eng 2008 [switch].avi,1026433262,978.88,tokens,TC,The Hurt Locker,
/Volumes/Extreme SSD/Movies/The Ides of March DVDRip.XviD-DEFACED/def-idesmarch-xvid.avi,734173184,700.16,tokens,XviD,The Ides of March DVDRip XviD-DEFACED,
/Volumes/Extreme SSD/Movies/The Illusionist/The.Illusionist.DVDRip.XviD-DiAMOND.[www.torrentfive.com].avi,734203904,700.19,tokens,XviD|DVDRip,The Illusionist,
/Volumes/Extreme SSD/Movies/The Imaginarium of Doctor Parnassus[2009]DvDrip[Eng]-FXG/The Imaginarium of Doctor Parnassus[2009]DvDrip[Eng]-FXG.avi,838211584,799.38,tokens,DVDRip,The Imaginarium of Doctor Parnassus[2009]DvDrip[Eng]-FXG,
/Volumes/Extreme SSD/Movies/The Insider/The Insider.avi,733374464,699.40,tiny<700MiB,,The Insider,
/Volumes/Extreme SSD/Movies/The Island/The.Island[2005]DvDrip[Eng]-aXXo.avi,734810112,700.77,tokens,DVDRip,The Island,
/Volumes/Extreme SSD/Movies/The Italian Job/The Italian Job (2003) DVDrip.avi,736192512,702.09,tokens,DVDRip,The Italian Job,2003
/Volumes/Extreme SSD/Movies/The Jacket/The.Jacket.DVDRiP.XViD-DiAMOND.ShareVirus.avi,734654464,700.62,tokens,XviD|DVDRip,The Jacket,
/Volumes/Extreme SSD/Movies/The King's Speech/THE KING'S SPEECH - 2010 - [DvDrip] - Xvid - avi - rdsbelt.AVI,1050028308,1001.39,tokens,XviD|DVDRip,The King's Speech,
/Volumes/Extreme SSD/Movies/The Kingdom 2007 BRRip 350MB x264 AAC - VYTO/The Kingdom 2007 BRRip 350MB x264 AAC - VYTO.mkv,366906216,349.91,tiny<700MiB,,The Kingdom 2007 BRRip 350MB x264 AAC - VYTO,
"/Volumes/Extreme SSD/Movies/The Last Picture Show (1971)/The Last Picture Show (Peter Bogdanovich, 1971).avi",734001152,700.00,tiny<700MiB,,The Last Picture Show,1971
/Volumes/Extreme SSD/Movies/The Lincoln Lawyer [2011] BRRiP XviD - ExtraTorrentRG/The Lincoln Lawyer [2011] BRRiP XviD - ExtraTorrentRG.avi,736430516,702.31,tokens,XviD,The Lincoln Lawyer [2011] BRRiP XviD - ExtraTorrentRG,
/Volumes/Extreme SSD/Movies/The Machinist 2004.LiMiTED.DVDRip.XViD-NOX/The Machinist (2004) - NOX -.avi,733394944,699.42,tiny<700MiB,,The Machinist,2004
/Volumes/Extreme SSD/Movies/The Men Who Stare at Goats[2009]DvDrip[Eng]-FXG/The Men Who Stare at Goats[2009]DvDrip[Eng]-FXG.avi,733808640,699.81,tiny<700MiB;tokens,TS|DVDRip,The Men Who Stare at Goats[2009]DvDrip[Eng]-FXG,
/Volumes/Extreme SSD/Movies/The Messengers[2007]DvDrip.AC3[Eng]-aXXo/The.Messengers[2007]DvDrip.AC3[Eng]-aXXo.avi,733894656,699.90,tiny<700MiB;tokens,DVDRip,The Messengers[2007]DvDrip AC3[Eng]-aXXo,
/Volumes/Extreme SSD/Movies/The Next Three Days (2010) DVDRip XviD-MAXSPEED/The Next Three Days (2010) DVDRip XviD-MAXSPEED www.torentz.3xforum.ro.avi,1203953744,1148.18,tokens,XviD|DVDRip,The Next Three Days,2010
/Volumes/Extreme SSD/Movies/The Notebook/The Notebook (2004) [ENG] [DVDrip].avi,734271488,700.26,tokens,DVDRip,The Notebook,2004
/Volumes/Extreme SSD/Movies/The Omen (2006)/The.Omen[2006]DvDrip[Eng]-aXXo.avi,735776768,701.69,tokens,DVDRip,The Omen,2006
/Volumes/Extreme SSD/Movies/The Others/The.Others.2001.WS.Collectors.Edition.DVDRip.XViD.iNT-x0DuS.[www.torrentfive.com].avi,725194752,691.60,tiny<700MiB;tokens,XviD|DVDRip,The Others,
/Volumes/Extreme SSD/Movies/The Pacifier/The.Pacifier.DVDRip.XviD-2005.[www.descargasweb.net].avi,733888512,699.89,tiny<700MiB;tokens,XviD|DVDRip,The Pacifier,
/Volumes/Extreme SSD/Movies/The Prestige/The.Prestige[2006]DvDrip[Eng]-aXXo.avi,734777344,700.74,tokens,DVDRip,The Prestige,
/Volumes/Extreme SSD/Movies/The Princess Bride (1987)/The Princess Bride (Widescreen).avi,730265600,696.44,tiny<700MiB,,The Princess Bride,1987
/Volumes/Extreme SSD/Movies/The Quick and The Dead/The Quick And The Dead.mpeg,732870656,698.92,tiny<700MiB,,The Quick and The Dead,
/Volumes/Extreme SSD/Movies/The Ring Two/The.Ring.Two.DVDRip.XviD-2005.[www.descargasweb.net].avi,733872128,699.88,tiny<700MiB;tokens,XviD|DVDRip,The Ring Two,
/Volumes/Extreme SSD/Movies/The Silence of the Lambs/The.Silence.of.the.Lambs.DVDRiP.XviDroot.avi,734003200,700.00,tokens,XviD|DVDRip,The Silence of the Lambs,
/Volumes/Extreme SSD/Movies/The Sixth Sense/The.Sixth.Sense (1999).mpeg,733282304,699.31,tiny<700MiB,,The.Sixth.Sense,1999
/Volumes/Extreme SSD/Movies/The Social Network[2010]DvDrip[Eng]-FXG/The Social Network[2010]DvDrip[Eng]-FXG.avi,864618496,824.56,tokens,DVDRip,The Social Network[2010]DvDrip[Eng]-FXG,
/Volumes/Extreme SSD/Movies/The Stepfather/The Stepfather.2009.DvdRip.Unrated.Xvid {1337x}-Noir.avi,734775890,700.74,tokens,XviD|DVDRip,The Stepfather,
/Volumes/Extreme SSD/Movies/The Tailor of Panama/The.Tailor.of.Panama.[2001].DvDrip.[Eng]-aXXo.avi,735760384,701.68,tokens,DVDRip,The Tailor of Panama,
/Volumes/Extreme SSD/Movies/The Time Traveler's Wife/The Time Traveler's Wife {2009} DVDRIP. Jaybob.avi,1056806304,1007.85,tokens,DVDRip,The Time Traveler's Wife,
/Volumes/Extreme SSD/Movies/The Truman Show/the truman show.avi,699750400,667.33,tiny<700MiB,,The Truman Show,
/Volumes/Extreme SSD/Movies/The Usual Suspects (1995)/The Usual Suspects(1995).mpeg,734281728,700.27,tokens,TS,The Usual Suspects,1995
/Volumes/Extreme SSD/Movies/The Village/The Village.avi,730378240,696.54,tiny<700MiB,,The Village,
/Volumes/Extreme SSD/Movies/The Whistleblower/The.Whistleblower.2010.DVDRip.Xvid-SceneLovers.(UsaBit.com).avi,728590336,694.84,tiny<700MiB;tokens,XviD|DVDRip,The Whistleblower,
/Volumes/Extreme SSD/Movies/The Whole Nine Yards/The.Whole.Nine.Yards.DVD.Rip.XviD.avi,733937664,699.94,tiny<700MiB;tokens,XviD,The Whole Nine Yards,
/Volumes/Extreme SSD/Movies/The Whole Ten Yards/The.Whole. Ten.Yards. DVDRiP.avi,734244864,700.23,tokens,DVDRip,The Whole Ten Yards,
/Volumes/Extreme SSD/Movies/The Wolfman[2010][Unrated Edition]DvDrip[Eng]-FXG/The Wolfman[2010][Unrated Edition]DvDrip[Eng]-FXG.avi,839215104,800.34,tokens,DVDRip,The Wolfman[2010][Unrated Edition]DvDrip[Eng]-FXG,
/Volumes/Extreme SSD/Movies/The.Girl.in.the.Book.2015.HDRip.XviD.AC3-EVO/The.Girl.in.the.Book.2015.HDRip.XviD.AC3-EVO.avi,1442735072,1375.90,tokens,XviD,The Girl in the Book 2015 HDRip XviD AC3-EVO,
/Volumes/Extreme SSD/Movies/The.Girl.in.the.Book.2015.HDRip.XviD.AC3-EVO/._The.Girl.in.the.Book.2015.HDRip.XviD.AC3-EVO.avi,4096,0.00,tiny<700MiB;tokens,XviD,The Girl in the Book 2015 HDRip XviD AC3-EVO,
/Volumes/Extreme SSD/Movies/The.Hornet's.Nest.2014.HDRip.XViD-juggs[ETRG]/The.Hornet's.Nest.2014.HDRip.XViD-juggs[ETRG].avi,733209604,699.24,tiny<700MiB;tokens,XviD,The Hornet's Nest 2014 HDRip XViD-juggs[ETRG],
/Volumes/Extreme SSD/Movies/The.Matador[2005]DvDrip.AC3[Eng]-aXXo/The.Matador[2005]DvDrip.AC3[Eng]-aXXo.avi,734124032,700.12,tokens,DVDRip,The Matador[2005]DvDrip AC3[Eng]-aXXo,
/Volumes/Extreme SSD/Movies/The.NeverEnding.Story (1984)/The.NeverEnding.Story.1984.dvdrip.XviD-sporc.avi,734257152,700.24,tokens,XviD|DVDRip,The.NeverEnding.Story,1984
/Volumes/Extreme SSD/Movies/The.Theory.of.Everything.2014.BRRip.XviD-SaM[ETRG]/The.Theory.of.Everything.2014.BRRip.XviD-SaM[ETRG].avi,733967528,699.97,tiny<700MiB;tokens,XviD,The Theory of Everything 2014 BRRip XviD-SaM[ETRG],
/Volumes/Extreme SSD/Movies/Three Kings/Three Kings.avi,732909568,698.96,tiny<700MiB,,Three Kings,
/Volumes/Extreme SSD/Movies/Thumbsucker[2005]DvDrip.AC3[Eng]-aXXo/Thumbsucker[2005]DvDrip.AC3[Eng]-aXXo.avi,733855744,699.86,tiny<700MiB;tokens,DVDRip,Thumbsucker[2005]DvDrip AC3[Eng]-aXXo,
/Volumes/Extreme SSD/Movies/Todo Sobre Mi Madre (All About My Mother)/Todo Sobre Mi Madre.avi,632900096,603.58,tiny<700MiB,,Todo Sobre Mi Madre (All About My Mother),
/Volumes/Extreme SSD/Movies/Top Gun/Top Gun[1986]DVDRip[Eng]-NuMy.avi,839399424,800.51,tokens,DVDRip,Top Gun,
/Volumes/Extreme SSD/Movies/Torque/b-torque.avi,733743104,699.75,tiny<700MiB,,Torque,
/Volumes/Extreme SSD/Movies/Tower Heist  {2011} DVDRIP. Jaybob/Tower Heist  {2011} DVDRIP. Jaybob.avi,733041108,699.08,tiny<700MiB;tokens,DVDRip,Tower Heist {2011} DVDRIP Jaybob,
/Volumes/Extreme SSD/Movies/Transporter 2/Transporter 2.mpeg,719535010,686.20,tiny<700MiB,,Transporter 2,
/Volumes/Extreme SSD/Movies/True Grit (2010) DVDRip XviD-MAXSPEED/True Grit (2010) DVDRip XviD-MAXSPEED www.torentz.3xforum.ro.avi,1306994888,1246.45,tokens,XviD|DVDRip,True Grit,2010
/Volumes/Extreme SSD/Movies/Universal.Soldier.Regeneration.DVDRip.XviD-BULLDOZER/bdz-uvsr-dvdrip-xvid.avi,730744832,696.89,tiny<700MiB;tokens,XviD|DVDRip,Universal Soldier Regeneration DVDRip XviD-BULLDOZER,
/Volumes/Extreme SSD/Movies/Valkyrie/Valkyrie[2008]DvDrip[Eng]-FXG.avi,838823936,799.96,tokens,DVDRip,Valkyrie,
/Volumes/Extreme SSD/Movies/Van Helsing (2004)/Van.Helsing[2004]DvDrip[Eng]-Zeus_Dias.avi,733454336,699.48,tiny<700MiB;tokens,DVDRip,Van Helsing,2004
"/Volumes/Extreme SSD/Movies/Vanilla Sky/Vanilla Sky [2001 English] DVDRip DivX (Tom Cruise, Penelope Cruz).avi",832317440,793.76,tokens,DivX|DVDRip,Vanilla Sky,
/Volumes/Extreme SSD/Movies/Very Bad Things/Very.Bad.Things[1998]DvDrip[Eng]-aXXo.avi,735346688,701.28,tokens,DVDRip,Very Bad Things,
/Volumes/Extreme SSD/Movies/Wag.The.Dog (1997)/Wag.The.Dog.1997.DVDRip.XviD.AR.avi,734248960,700.23,tokens,XviD|DVDRip,Wag.The.Dog,1997
/Volumes/Extreme SSD/Movies/War Horse  {2011} DVDRIP. Jaybob/War Horse  {2011} DVDRIP. Jaybob.avi,732829774,698.88,tiny<700MiB;tokens,DVDRip,War Horse {2011} DVDRIP Jaybob,
/Volumes/Extreme SSD/Movies/When Harry Met sally/When Harry Met Sally [DivX-DVD] english.avi,734083072,700.08,tokens,DivX,When Harry Met sally,
/Volumes/Extreme SSD/Movies/Winters.Bone.2010.LIMITED.DVDRip.XviD-AMIABLE/UsaBit.com_winters.bone.2010.dvdrip.xvid-amiable.avi,734785536,700.75,tokens,XviD|DVDRip,Winters Bone 2010 LIMITED DVDRip XviD-AMIABLE,
/Volumes/Extreme SSD/Movies/World Trade Center/World.Trade.Center[2006]DvDrip[Eng]-aXXo.avi,734646272,700.61,tokens,DVDRip,World Trade Center,
/Volumes/Extreme SSD/Movies/101 Dalmatians II - Patch's London Adventure/Disney - 101 Dalmatians II - Patche's London Adventure.avi,734363522,700.34,tokens,TC,101 Dalmatians II - Patch's London Adventure,
/Volumes/Extreme SSD/Movies/A Bug's Life/A Bugs Life (Disney (English)).avi,695482880,663.26,tiny<700MiB,,A Bug's Life,
/Volumes/Extreme SSD/Movies/XXX (2002)/XXX Unrated Directors Cut 2002 DvDrip[Eng]-greenbud1969.avi,838717440,799.86,tokens,DVDRip,XXX,2002
/Volumes/Extreme SSD/Movies/xXx The Next Level/XXX.State.Of.The.Union.2005.DVDRip.XviD-iMBT.avi,735256576,701.20,tokens,XviD|DVDRip,xXx The Next Level,
/Volumes/Extreme SSD/Movies/xXx The Next Level/._XXX.State.Of.The.Union.2005.DVDRip.XviD-iMBT.avi,4096,0.00,tiny<700MiB;tokens,XviD|DVDRip,xXx The Next Level,
/Volumes/Extreme SSD/Movies/BATMAN/Batman/Batman.1989.DVDRip.DivX-enDi.avi,736174592,702.07,tokens,DivX|DVDRip,Batman,
/Volumes/Extreme SSD/Movies/BATMAN/Batman & Robin (1997)/Batman and Robin dvd rip XviD.Rets.avi,735639552,701.56,tokens,XviD|TS,Batman & Robin,1997
/Volumes/Extreme SSD/Movies/BATMAN/Batman Forever/Batman Forever dvd rip Xvid.Rets.avi,734005248,700.00,tokens,XviD|TS,Batman Forever,
/Volumes/Extreme SSD/Movies/BATMAN/Batman Returns/Batman Returns dvd rip XviD.Rets.avi,734990336,700.94,tokens,XviD|TS,Batman Returns,
/Volumes/Extreme SSD/Movies/CRUEL INTENTIONS/Cruel Intentions/Cruel Intentions [Eng][DVDRip][Xvid][1999][www.Torrent-Talk.com].avi,733339648,699.37,tiny<700MiB;tokens,XviD|DVDRip,Cruel Intentions,
/Volumes/Extreme SSD/Movies/HARRY POTTER/Harry Potter and the Philosophers Stone (2001)/Harry Potter and the Philosophers Stone [ENG] [DVDrip] CD1.avi,734023680,700.02,tokens,DVDRip,Harry Potter and the Philosophers Stone,2001
/Volumes/Extreme SSD/Movies/HARRY POTTER/Harry Potter and the Philosophers Stone (2001)/Harry Potter and the Philosophers Stone [ENG] [DVDrip] CD2.avi,734560256,700.53,tokens,DVDRip,Harry Potter and the Philosophers Stone,2001
/Volumes/Extreme SSD/Movies/JAMES BOND - Collection/James Bond 007 -  Die Another Day (2002)/James Bond 007 - Die Another Day (2002) [ENG] [DVDrip] CD1.avi,733812736,699.82,tiny<700MiB;tokens,DVDRip,James Bond 007 -  Die Another Day,2002
/Volumes/Extreme SSD/Movies/JAMES BOND - Collection/James Bond 007 -  Die Another Day (2002)/James Bond 007 - Die Another Day (2002) [ENG] [DVDrip] CD2.avi,733089792,699.13,tiny<700MiB;tokens,DVDRip,James Bond 007 -  Die Another Day,2002
/Volumes/Extreme SSD/Movies/JAMES BOND - Collection/James Bond 007 - The World is not enough (1999)/James Bond 007 - The world is not enough (1999) [ENG] [DVDrip].avi,658843648,628.32,tiny<700MiB;tokens,DVDRip,James Bond 007 - The World is not enough,1999
/Volumes/Extreme SSD/Movies/JAMES BOND - Collection/James Bond 007 - Tomorrow Never Dies (1997)/James Bond 007 - Tomorrow Never Dies (1997) [ENG] [DVDrip].avi,635469312,606.03,tiny<700MiB;tokens,DVDRip,James Bond 007 - Tomorrow Never Dies,1997
/Volumes/Extreme SSD/Movies/JASON BOURNE - Collection/The Bourne Identity (2002)/The Bourne Identity [ENG] [DVDRip].mpeg,729188352,695.41,tiny<700MiB;tokens,DVDRip,The Bourne Identity,2002
/Volumes/Extreme SSD/Movies/JASON BOURNE - Collection/The Bourne Supremacy (2004)/The Bourne Supremacy - Proper DVD rip [XviD].avi,990588928,944.70,tokens,XviD,The Bourne Supremacy,2004
/Volumes/Extreme SSD/Movies/MAD MAX/Mad Max (1979)/Mad_Max_1_1979_Dvd_rip_Xvid_Mental_RG.avi,733915136,699.92,tiny<700MiB;tokens,XviD,Mad Max,1979
/Volumes/Extreme SSD/Movies/MAD MAX/Mad Max 2 - The Road Warrior/Mad_Max_2_Road_Warrior_Dvd_rip_Xvid_Mental_RG.avi,733913088,699.91,tiny<700MiB;tokens,XviD,Mad Max 2 - The Road Warrior,
/Volumes/Extreme SSD/Movies/MAD MAX/Mad Max 3 - Beyond  Thunderdome/Mad_Max_3_Beyond_Thunderdome_Dvd_rip_Xvid_Mental_RG.avi,734781440,700.74,tokens,XviD,Mad Max 3 - Beyond Thunderdome,
/Volumes/Extreme SSD/Movies/MATRIX/Matrix Revolutions/Matrix Revolutions dvd rip Xvid.Rets.avi,733974528,699.97,tiny<700MiB;tokens,XviD|TS,Matrix Revolutions,
/Volumes/Extreme SSD/Movies/MIB/Men In Black/Men In Black [WS].avi,734001152,700.00,tiny<700MiB,,Men In Black,
/Volumes/Extreme SSD/Movies/MIB/Men In Black 3 (2012) DVDRip 400MB - ThePecko/Men In Black 3 (2012) DVDRip 400MB - ThePecko [EpicMoviez.Com].mkv,416404410,397.11,tiny<700MiB;tokens,DVDRip,Men In Black 3,2012
/Volumes/Extreme SSD/Movies/MISSION IMPOSSIBLE/Mission Impossible 4 Ghost Protocol (2011) DVDRip XviD-MAXSPEED/Mission Impossible 4 Ghost Protocol (2011) DVDRip XviD-MAXSPEED www.torentz.3xforum.ro.avi,1393858188,1329.29,tokens,XviD|DVDRip,Mission Impossible 4 Ghost Protocol,2011
/Volumes/Extreme SSD/Movies/MISSION IMPOSSIBLE/Mission Impossible II [2000]/Mission Impossible II(2000)DVDrip(AC3-5.1)- keltz.avi,938033152,894.58,tokens,DVDRip,Mission Impossible II,2000
/Volumes/Extreme SSD/Movies/MISSION IMPOSSIBLE/Mission Impossible [1996]/Mission Impossible(1996)DVDrip(AC3-5.1)- keltz.avi,839968768,801.06,tokens,DVDRip,Mission Impossible,1996
"/Volumes/Extreme SSD/Movies/RESIDENT EVIL 1,2/Resident.Evil/Resident.Evil[2002]DvDrip-aXXo.avi",735498240,701.43,tokens,DVDRip,Resident Evil,
"/Volumes/Extreme SSD/Movies/RESIDENT EVIL 1,2/Resident.Evil.2-Apocalypse/Resident.Evil.2-Apocalypse[2004]DvDrip-aXXo.avi",735053824,701.00,tokens,DVDRip,Resident Evil 2-Apocalypse,
/Volumes/Extreme SSD/Movies/ROCKY/Rocky III(1982) BRRip(1088x576).x264.GokU61/Rocky III() BRRip(1088x576).x264.GokU61.mp4,561955042,535.92,tiny<700MiB,,Rocky III,1982
/Volumes/Extreme SSD/Movies/SAW/Saw II/Saw.II.2005.DVDRiP.XViD-LEGACY.en.avi,733759488,699.77,tiny<700MiB;tokens,XviD|DVDRip,Saw II,
/Volumes/Extreme SSD/Movies/SHERLOCK HOLMES - Collection/Sherlock Holmes A Game of Shadows (2011) DVDRip XviD-MAXSPEED/Sherlock Holmes A Game of Shadows (2011) DVDRip XviD-MAXSPEED www.torentz.3xforum.ro.avi,1406372372,1341.22,tokens,XviD|DVDRip,Sherlock Holmes A Game of Shadows,2011
/Volumes/Extreme SSD/Movies/SHERLOCK HOLMES - Collection/Sherlock Holmes[2009]DvDrip[Eng]-FXG/Sherlock Holmes[2009]DvDrip[Eng]-FXG.avi,943229246,899.53,tokens,DVDRip,Sherlock Holmes[2009]DvDrip[Eng]-FXG,
/Volumes/Extreme SSD/Movies/SUPERMAN/Superman/Superman.the.Movie.Dvdrip.Xvid.avi,713406464,680.36,tiny<700MiB;tokens,XviD|DVDRip,Superman,
/Volumes/Extreme SSD/Movies/SUPERMAN/Superman II/Superman.II.1980.DVDRip.XviD.avi,733825024,699.83,tiny<700MiB;tokens,XviD|DVDRip,Superman II,
/Volumes/Extreme SSD/Movies/SUPERMAN/Superman Returns/Superman.Returns[2006]DvDrip[Eng]-aXXo.avi,945352704,901.56,tokens,DVDRip,Superman Returns,
/Volumes/Extreme SSD/Movies/TEENAGE MUTANT NINJA TURTLES/Teenage Mutant Ninja Turtles/Teenage.Mutant.Ninja.Turtles.1990.iNTERNAL.DVDRip.XVID-vRs.avi,733325312,699.35,tiny<700MiB;tokens,XviD|DVDRip,Teenage Mutant Ninja Turtles,
/Volumes/Extreme SSD/Movies/TEENAGE MUTANT NINJA TURTLES/Teenage Mutant Ninja Turtles II/Teenage.Mutant.Ninja.Turtles.II.1991.iNTERNAL.DVDRip.XVID-vRs.avi,733831168,699.84,tiny<700MiB;tokens,XviD|DVDRip,Teenage Mutant Ninja Turtles II,
/Volumes/Extreme SSD/Movies/TEENAGE MUTANT NINJA TURTLES/Teenage Mutant Ninja Turtles III/Teenage.Mutant.Ninja.Turtles.III.1993.iNTERNAL.DVDRip.XVID-vRs.avi,733601792,699.62,tiny<700MiB;tokens,XviD|DVDRip,Teenage Mutant Ninja Turtles III,
/Volumes/Extreme SSD/Movies/TERMINATOR - Collection/The Terminator 3/The.Terminator.3.2003.iNTERNAL.DVDRip.XviD.1-XviK.avi,735393792,701.33,tokens,XviD|DVDRip,The Terminator 3,
/Volumes/Extreme SSD/Movies/TERMINATOR - Collection/The Terminator 3/The.Terminator.3.2003.iNTERNAL.DVDRip.XviD.2-XviK.avi,733079552,699.12,tiny<700MiB;tokens,XviD|DVDRip,The Terminator 3,
/Volumes/Extreme SSD/Movies/THE JURASSIC PARK - Trilogy/Jurassic Park III/Jurassic Park III dvd rip xvid.Rets.avi,733995008,699.99,tiny<700MiB;tokens,XviD|TS,Jurassic Park III,
/Volumes/Extreme SSD/Movies/THE JURASSIC PARK - Trilogy/The Lost World - Jurassic Park/The Lost World dvd rip xvid.Rets.avi,733642752,699.66,tiny<700MiB;tokens,XviD|TS,The Lost World - Jurassic Park,
/Volumes/Extreme SSD/Movies/TWILIGHT - Collection/The Twilight Saga Breaking Dawn-Part1[2011]BRRip XviD-ETRG/The Twilight Saga Breaking Dawn-Part1[2011]BRRip XviD-ETRG.avi,732555982,698.62,tiny<700MiB;tokens,XviD,The Twilight Saga Breaking Dawn-Part1[2011]BRRip XviD-ETRG,
/Volumes/Extreme SSD/Movies/TWILIGHT - Collection/Twilight/Twilight[2008]DvDrip-aXXo.avi,735428608,701.36,tokens,DVDRip,Twilight,
/Volumes/Extreme SSD/Movies/TWILIGHT - Collection/Twilight - New Moon {2009} DVDRIP. Jaybob/New Moon {2009} DVDRIP. Jaybob.avi,1116897992,1065.16,tokens,DVDRip,Twilight - New Moon {2009} DVDRIP Jaybob,
/Volumes/Extreme SSD/Movies/UNDERWORLD/Underworld Evolution (2006) [1080p]/Underworld.Evolution.2006.DVDRip.XviD-KEG.[www.descargasweb.net].avi,733900800,699.90,tiny<700MiB;tokens,XviD|DVDRip,Underworld Evolution,2006
/Volumes/Extreme SSD/Movies/WILD THINGS/Wild Things/Wild Things UnRated (1998) XviD.DVDRip.PiLFER.avi,730187776,696.36,tiny<700MiB;tokens,XviD|DVDRip,Wild Things UnRated,1998
/Volumes/Extreme SSD/Movies/X-MEN/X-Men (2000)/._X-Men_1_2000_900p_BluRay_QEBS6_AAC20_MP4-FASM.mp4,4096,0.00,tiny<700MiB,,X-Men,2000
/Volumes/Extreme SSD/Movies/X-MEN/X-Men.Origins.Wolverine.2009.WORKPRINT.XviD-NoGRP/X-Men.Origins.Wolverine.2009.WORKPRINT.XviD-NoGRP.avi,1071620966,1021.98,tokens,XviD,X-Men Origins Wolverine 2009 WORKPRINT XviD-NoGRP,
/Volumes/Extreme SSD/Movies/Brother Bear/Brother Bear.avi,733147136,699.18,tiny<700MiB,,Brother Bear,
/Volumes/Extreme SSD/Movies/Brother Bear 2/vmt-bbear2-xvid.avi,735670272,701.59,tokens,XviD,Brother Bear 2,
/Volumes/Extreme SSD/Movies/Cars/Cars[2006]DvDrip[Eng]-aXXo.avi,736210944,702.11,tokens,DVDRip,Cars,
/Volumes/Extreme SSD/Movies/Chicken Little/Chicken.Little[2005]DvDrip.AC3[Eng]-aXXo.avi,733601792,699.62,tiny<700MiB;tokens,DVDRip,Chicken Little,
/Volumes/Extreme SSD/Movies/Dr.Seuss.The.Lorax/Dr.Seuss.The.Lorax.2012.DVDRip.LiNE.XviD.AC3.HQ.Hive-CM8.avi,1033490432,985.61,tokens,XviD|DVDRip,Dr Seuss The Lorax,
/Volumes/Extreme SSD/Movies/Flushed Away/Flushed.Away[2006]DvDrip.AC3[Eng]-aXXo.avi,733693952,699.71,tiny<700MiB;tokens,DVDRip,Flushed Away,
/Volumes/Extreme SSD/Movies/Garfield - A Tail of Two Kitties/Garfield-A.Tail.Of.Two.Kitties[2006]DvDrip.AC3[Eng]-aXXo.avi,733739008,699.75,tiny<700MiB;tokens,DVDRip,Garfield - A Tail of Two Kitties,
/Volumes/Extreme SSD/Movies/Garfield (2004)/Garfield - The Movie [Eng][XviD][2004].avi,734212096,700.20,tokens,XviD,Garfield,2004
/Volumes/Extreme SSD/Movies/Happy Feet/Happy.Feet[2006]DvDrip[Eng]-aXXo.avi,734785536,700.75,tokens,DVDRip,Happy Feet,
/Volumes/Extreme SSD/Movies/ICE AGE - Collection/Ice Age/Ice Age.avi,733945856,699.95,tiny<700MiB,,Ice Age,
/Volumes/Extreme SSD/Movies/ICE AGE - Collection/Ice Age 2 - The Meltdown/Ice.Age.2-The.Meltdown[2006]DvDrip.AC3[Eng]-aXXo.avi,733706240,699.72,tiny<700MiB;tokens,DVDRip,Ice Age 2 - The Meltdown,
/Volumes/Extreme SSD/Movies/ICE AGE - Collection/Ice Age 3 Dawn Of The Dinosaurs (2009) DVDRip XviD-MAXSPEED/Ice Age 3 Dawn Of The Dinosaurs (2009) DVDRip XviD-MAXSPEED www.torentz.3xforum.ro.avi,733190144,699.22,tiny<700MiB;tokens,XviD|DVDRip,Ice Age 3 Dawn Of The Dinosaurs,2009
/Volumes/Extreme SSD/Movies/ICE AGE - Collection/Ice.Age.4.Continental.Drift.2012.DVDRip.XviD-3LT0N/Ice.Age.4.Continental.Drift.2012.DVDRip.XviD-3LT0N.avi,734443008,700.42,tokens,XviD|DVDRip,Ice Age 4 Continental Drift 2012 DVDRip XviD-3LT0N,
/Volumes/Extreme SSD/Movies/Kung.Fu.Panda.2.DVDRip.XviD-TARGET/target-panda-2-xvid.avi,733671424,699.68,tiny<700MiB;tokens,XviD,Kung Fu Panda 2 DVDRip XviD-TARGET,
/Volumes/Extreme SSD/Movies/Lilo & Stitch/Lilo and Stitch.avi,856657382,816.97,tokens,TC,Lilo & Stitch,
/Volumes/Extreme SSD/Movies/Madagascar/Madagascar.DVDRip.XviD-DoNE.avi,734105600,700.10,tokens,XviD|DVDRip,Madagascar,
/Volumes/Extreme SSD/Movies/Madagascar.3.Europes.Most.Wanted.2012.DVDRip.XViD-PLAYNOW/Madagascar.3.Europes.Most.Wanted.2012.DVDRip.XViD-PLAYNOW.avi,742848512,708.44,tokens,XviD|DVDRip,Madagascar 3 Europes Most Wanted 2012 DVDRip XViD-PLAYNOW,
/Volumes/Extreme SSD/Movies/Open Season/Open.Season[2006]DvDrip.AC3[Eng]-aXXo.avi,733753344,699.76,tiny<700MiB;tokens,DVDRip,Open Season,
/Volumes/Extreme SSD/Movies/Over the Hedge/dmd-othedge.avi,733270016,699.30,tiny<700MiB,,Over the Hedge,
/Volumes/Extreme SSD/Movies/Pocahontas II/Walt Disney - Pocahontas II Journey to a New World (1998).avi,663957504,633.20,tiny<700MiB,,Walt Disney - Pocahontas II Journey to a New World,1998
/Volumes/Extreme SSD/Movies/Princess Mononoke (Mononoke-hime)/Princess Mononoke.avi,706836480,674.09,tiny<700MiB,,Princess Mononoke (Mononoke-hime),
/Volumes/Extreme SSD/Movies/Puss in Boots[2011]BRRip XviD-ETRG/Puss in Boots[2011]BRRip XviD-ETRG.avi,732369148,698.44,tiny<700MiB;tokens,XviD|TS,Puss in Boots[2011]BRRip XviD-ETRG,
/Volumes/Extreme SSD/Movies/Rio (2011) R5 XviD-MAXSPEED/Rio (2011) R5 XviD-MAXSPEED www.torentz.3xforum.ro.avi,1500112226,1430.62,tokens,XviD|R5,Rio,2011
/Volumes/Extreme SSD/Movies/Robots/Robots.2005.DVDRip.XViD-TrV.avi,736038912,701.94,tokens,XviD|TS|DVDRip,Robots,
/Volumes/Extreme SSD/Movies/Shark Tale/Shark Tale - DVD rip.mpeg,730761216,696.91,tiny<700MiB,,Shark Tale,
/Volumes/Extreme SSD/Movies/Shrek 2/Shrek 2.avi,730986496,697.12,tiny<700MiB,,Shrek 2,
/Volumes/Extreme SSD/Movies/Sleeping.Beauty.1959.1080p.BluRay.H264.AAC-RARBG/RARBG.COM.mp4,1016764,0.97,tiny<700MiB,,Sleeping Beauty 1959 H264 AAC-RARBG,
/Volumes/Extreme SSD/Movies/South Park - Bigger Longer & Uncut/South Park The Movie (1999) [ENG] [DVDrip].avi,423196672,403.59,tiny<700MiB;tokens,DVDRip,South Park The Movie,1999
/Volumes/Extreme SSD/Movies/Tangled [2010] Dvdrip- PRESTiGE/Tangled 2010 Dvdrip - PRESTiGE.avi,734339072,700.32,tokens,DVDRip,Tangled [2010] Dvdrip- PRESTiGE,
/Volumes/Extreme SSD/Movies/Tarzan/Tarzan.avi,630194176,601.00,tiny<700MiB,,Tarzan,
/Volumes/Extreme SSD/Movies/The Animatrix/The_Animatrix.[2003].DVDRip.H264.640x272.kk.avi,733280256,699.31,tiny<700MiB;tokens,DVDRip,The Animatrix,
/Volumes/Extreme SSD/Movies/The Ant Bully/The.Ant.Bully[2006]DvDrip[Eng]-aXXo.avi,734953472,700.91,tokens,DVDRip,The Ant Bully,
/Volumes/Extreme SSD/Movies/The Iron Giant/The Iron Giant.avi,711806002,678.83,tiny<700MiB,,The Iron Giant,
/Volumes/Extreme SSD/Movies/The Little Mermaid/Little Mermaid.avi,733773824,699.78,tiny<700MiB,,The Little Mermaid,
/Volumes/Extreme SSD/Movies/The Nightmare Before Christmas/The Nightmare Before Christmas.dvdrip.xvid.ac3.avi,734145564,700.14,tokens,XviD|DVDRip,The Nightmare Before Christmas,
/Volumes/Extreme SSD/Movies/The Pirates Band of Misfits.2012.DVDRip.XviD-PTpOWeR/[UsaBit.com] - The.Pirates.Band.of.Misfits.2012.DVDRip.XviD-PTpOWeR.avi,730912768,697.05,tiny<700MiB;tokens,XviD|TS|DVDRip,The Pirates Band of Misfits 2012 DVDRip XviD-PTpOWeR,
/Volumes/Extreme SSD/Movies/The Wild/The.Wild[2006]DvDrip.AC3[Eng]-aXXo.avi,733650944,699.66,tiny<700MiB;tokens,DVDRip,The Wild,
/Volumes/Extreme SSD/Movies/WALLACE & GROMIT - Collection/Wallace And Gromit - Curse Of The Were-Rabbit (2005)/Wallace.and.Gromit-The.Curse.of.the.Were-Rabbit[2005]DvDrip.AC3[Eng]-aXXo.avi,733685760,699.70,tiny<700MiB;tokens,DVDRip,Wallace And Gromit - Curse Of The Were-Rabbit,2005
/Volumes/Extreme SSD/Movies/WALLACE & GROMIT - Collection/Wallace and Gromit-A Close Shave(xvid)(darkside_RG)/Wallace and Gromit-A Close Shave(xvid)(darkside_RG).avi,367011840,350.01,tiny<700MiB;tokens,XviD,Wallace and Gromit-A Close Shave(xvid)(darkside RG),
/Volumes/Extreme SSD/Movies/WALLACE & GROMIT - Collection/Wallace and Gromit-A Grand Day Out(Xvid)(Darkside_RG)/Wallace and Gromit-A Grand Day Out(Xvid)(Darkside_RG).avi,244334592,233.02,tiny<700MiB;tokens,XviD,Wallace and Gromit-A Grand Day Out(Xvid)(Darkside RG),
/Volumes/Extreme SSD/Movies/WALLACE & GROMIT - Collection/Wallace and Gromit-The Wrong Trouses(Xvid)(Darkside_RG)/Wallace and Gromit-The Wrong Trouses(Xvid)(Darkside_RG).avi,367011840,350.01,tiny<700MiB;tokens,XviD,Wallace and Gromit-The Wrong Trouses(Xvid)(Darkside RG),
/Volumes/Extreme SSD/Movies/An Inconvenient Truth (2006)/An Inconvenient Truth (2006) DVD-rip.divx.avi.avi,733798400,699.80,tiny<700MiB;tokens,DivX,An Inconvenient Truth,2006
/Volumes/Extreme SSD/Movies/Fahrenheit 911 (2004) DVDRip/Fahrenheit 911 (2004) DVDRip CD1.avi,734375936,700.36,tokens,DVDRip,Fahrenheit 911,2004
/Volumes/Extreme SSD/Movies/Fahrenheit 911 (2004) DVDRip/Fahrenheit 911 (2004) DVDRip CD2.avi,729147392,695.37,tiny<700MiB;tokens,DVDRip,Fahrenheit 911,2004
/Volumes/Extreme SSD/Movies/First.Position.2011.DVDRip.XviD-WiDE/first.position.2011.dvdrip.xvid-wide.avi,734177598,700.17,tokens,XviD|DVDRip,First Position 2011 DVDRip XviD-WiDE,
/Volumes/Extreme SSD/Movies/Inside.Job.LiMiTED.BDRip.XviD-DEFACED/defaced-insidejob-xvid.avi,734210048,700.20,tokens,XviD,Inside Job LiMiTED BDRip XviD-DEFACED,
/Volumes/Extreme SSD/Movies/Islam - Empire of Faith/Islam - Empire of Faith - Part_1.avi,257751980,245.81,tiny<700MiB,,Islam - Empire of Faith,
/Volumes/Extreme SSD/Movies/Islam - Empire of Faith/Islam - Empire of Faith - Part_2.avi,244879396,233.54,tiny<700MiB,,Islam - Empire of Faith,
/Volumes/Extreme SSD/Movies/Islam - Empire of Faith/Islam - Empire of Faith - Part_3.avi,248419720,236.91,tiny<700MiB,,Islam - Empire of Faith,
/Volumes/Extreme SSD/Movies/Levitated.Mass.2013.LIMITED.DVDRip.x264-RedBlade[et]/Levitated.Mass.2013.LIMITED.DVDRip.x264-RedBlade.mkv,1025331435,977.83,tokens,DVDRip,Levitated Mass 2013 LIMITED DVDRip x264-RedBlade[et],
/Volumes/Extreme SSD/Movies/Michael Jackson This Is It (2009)/Michael Jackson This Is It (2009) DVDRip XviD-MAXSPEED www.torentz.3xforum.ro.avi,1464019526,1396.20,tokens,XviD|DVDRip,Michael Jackson This Is It,2009
/Volumes/Extreme SSD/Movies/Natural.Resistance.2014.DVDRip.x264-RedBlade[hotpena]/natural.resistance.2014.dvdrip.x264-redblade.mkv,831954602,793.41,tokens,DVDRip,Natural Resistance 2014 DVDRip x264-RedBlade[hotpena],
"/Volumes/Extreme SSD/Movies/Nuit et Brouillard/Nuit.Et.Brouillard.(1955,.Documentaire.Alain.Resnais).Divx.Fr-teste.DivXovore.com-.avi",732864512,698.91,tiny<700MiB;tokens,DivX,Nuit et Brouillard,
/Volumes/Extreme SSD/Movies/Red.Obsession.2013.DVDRip.x264-WiDE[rarbg]/red.obsession.2013.dvdrip.x264-wide.mkv,892506190,851.16,tokens,DVDRip,Red Obsession 2013 DVDRip x264-WiDE[rarbg],
/Volumes/Extreme SSD/Movies/Samsara 2011 BRRip XviD AC3 - HDSi/Samsara 2011 BRRip XviD AC3 - HDSi.avi,1757450142,1676.04,tokens,XviD,Samsara 2011 BRRip XviD AC3 - HDSi,
/Volumes/Extreme SSD/Movies/Sicko/Sicko[2007]DvDrip[Eng]-aXXo.avi,735844352,701.76,tokens,DVDRip,Sicko,
/Volumes/Extreme SSD/Movies/Sicko/._Sicko[2007]DvDrip[Eng]-aXXo.avi,4096,0.00,tiny<700MiB;tokens,DVDRip,Sicko,
/Volumes/Extreme SSD/Movies/Side.by.Side (2012)/geckos-sbs2012-xvid.avi,731287552,697.41,tiny<700MiB;tokens,XviD,Side.by.Side,2012
/Volumes/Extreme SSD/Movies/The Island President/The Island President 2011 DVDRip XviD-IGUANA.avi,730535936,696.69,tiny<700MiB;tokens,XviD|DVDRip,The Island President,
/Volumes/Extreme SSD/Movies/The Road to Guantanamo (2006)/The Road to Guantanamo (2006) PROMiSE_DVDrip.avi,731193998,697.32,tiny<700MiB;tokens,DVDRip,The Road to Guantanamo,2006
/Volumes/Extreme SSD/Movies/The.Invisible.War.2012.DVDRip.XviD-WiDE/the.invisible.war.2012.dvdrip.xvid-wide.avi,732779168,698.83,tiny<700MiB;tokens,XviD|DVDRip,The Invisible War 2012 DVDRip XviD-WiDE,
/Volumes/Extreme SSD/Movies/Triumph Of The Nerds/PBS.Triumph.of.the.Nerds.1of3.DVDRip.XviD-AC3.avi,524247040,499.96,tiny<700MiB;tokens,XviD|DVDRip,Triumph Of The Nerds,
/Volumes/Extreme SSD/Movies/Triumph Of The Nerds/PBS.Triumph.of.the.Nerds.2of3.DVDRip.XviD-AC3.avi,525158400,500.83,tiny<700MiB;tokens,XviD|DVDRip,Triumph Of The Nerds,
/Volumes/Extreme SSD/Movies/Triumph Of The Nerds/PBS.Triumph.of.the.Nerds.3of3.DVDRip.XviD-AC3.avi,525359104,501.02,tiny<700MiB;tokens,XviD|DVDRip,Triumph Of The Nerds,
/Volumes/Extreme SSD/Movies/Who is Dayani Cristal [2013] DVB Rip Xvid [StB]/Who is Dayani Cristal [2013] DVB Rip Xvid [StB].avi,734511726,700.48,tokens,XviD,Who is Dayani Cristal [2013] DVB Rip Xvid [StB],
/Volumes/Extreme SSD/Movies/Zeitgeist-The.Movie/Zeitgeist-The.Movie.PROPER.SWESUB.DVDRip.XviD-aNdY.avi,734232576,700.22,tokens,XviD|DVDRip,Zeitgeist-The Movie,
